https://qualitymeasures.ahrq.gov/expert/expert-commentary/16453/new-directions-for-health-care-information-technology	ARCHIVED	7 mementos	[{'datetime': '2016-12-29T20:00:41Z', 'uri': 'http://web.archive.org/web/20161229200041/https://qualitymeasures.ahrq.gov/expert/expert-commentary/16453/new-directions-for-health-care-information-technology'}, {'datetime': '2017-04-27T10:15:55Z', 'uri': 'http://web.archive.org/web/20170427101555/https://qualitymeasures.ahrq.gov/expert/expert-commentary/16453/new-directions-for-health-care-information-technology'}, {'datetime': '2017-06-13T16:04:30Z', 'uri': 'http://web.archive.org/web/20170613160430/https://qualitymeasures.ahrq.gov/expert/expert-commentary/16453/new-directions-for-health-care-information-technology'}, {'datetime': '2017-06-30T02:34:05Z', 'uri': 'http://web.archive.org/web/20170630023405/https://qualitymeasures.ahrq.gov/expert/expert-commentary/16453/new-directions-for-health-care-information-technology'}, {'datetime': '2017-07-12T03:52:49Z', 'uri': 'http://web.archive.org/web/20170712035249/https://www.qualitymeasures.ahrq.gov/expert/expert-commentary/16453/new-directions-for-health-care-information-technology'}, {'datetime': '2018-06-09T10:49:58Z', 'uri': 'http://web.archive.org/web/20180609104958/https://www.qualitymeasures.ahrq.gov/expert/expert-commentary/16453/new-directions-for-health-care-information-technology'}, {'datetime': '2018-06-20T17:40:11Z', 'uri': 'http://web.archive.org/web/20180620174011/https://www.qualitymeasures.ahrq.gov/expert/expert-commentary/16453/new-directions-for-health-care-information-technology'}]
https://qualitymeasures.ahrq.gov/expert/expert-commentary/16454/a-selection-of-statistical-process-control-tools-used-in-monitoring-health-care-performance	ARCHIVED	7 mementos	[{'datetime': '2016-12-29T20:01:00Z', 'uri': 'http://web.archive.org/web/20161229200100/https://qualitymeasures.ahrq.gov/expert/expert-commentary/16454/a-selection-of-statistical-process-control-tools-used-in-monitoring-health-care-performance'}, {'datetime': '2017-04-27T10:16:28Z', 'uri': 'http://web.archive.org/web/20170427101628/https://qualitymeasures.ahrq.gov/expert/expert-commentary/16454/a-selection-of-statistical-process-control-tools-used-in-monitoring-health-care-performance'}, {'datetime': '2017-06-13T15:45:08Z', 'uri': 'http://web.archive.org/web/20170613154508/https://qualitymeasures.ahrq.gov/expert/expert-commentary/16454/a-selection-of-statistical-process-control-tools-used-in-monitoring-health-care-performance'}, {'datetime': '2017-06-30T02:34:24Z', 'uri': 'http://web.archive.org/web/20170630023424/https://qualitymeasures.ahrq.gov/expert/expert-commentary/16454/a-selection-of-statistical-process-control-tools-used-in-monitoring-health-care-performance'}, {'datetime': '2017-07-12T03:53:55Z', 'uri': 'http://web.archive.org/web/20170712035355/https://www.qualitymeasures.ahrq.gov/expert/expert-commentary/16454/a-selection-of-statistical-process-control-tools-used-in-monitoring-health-care-performance'}, {'datetime': '2018-06-09T10:49:51Z', 'uri': 'http://web.archive.org/web/20180609104951/https://www.qualitymeasures.ahrq.gov/expert/expert-commentary/16454/a-selection-of-statistical-process-control-tools-used-in-monitoring-health-care-performance'}, {'datetime': '2018-06-20T17:40:05Z', 'uri': 'http://web.archive.org/web/20180620174005/https://www.qualitymeasures.ahrq.gov/expert/expert-commentary/16454/a-selection-of-statistical-process-control-tools-used-in-monitoring-health-care-performance'}]
https://qualitymeasures.ahrq.gov/expert/expert-commentary/16455/envisioning-the-next-generation-of-performance-measures-for-ambulatory-care	ARCHIVED	7 mementos	[{'datetime': '2016-12-29T20:01:47Z', 'uri': 'http://web.archive.org/web/20161229200147/https://qualitymeasures.ahrq.gov/expert/expert-commentary/16455/envisioning-the-next-generation-of-performance-measures-for-ambulatory-care'}, {'datetime': '2017-04-27T10:17:13Z', 'uri': 'http://web.archive.org/web/20170427101713/https://qualitymeasures.ahrq.gov/expert/expert-commentary/16455/envisioning-the-next-generation-of-performance-measures-for-ambulatory-care'}, {'datetime': '2017-06-13T17:12:40Z', 'uri': 'http://web.archive.org/web/20170613171240/https://qualitymeasures.ahrq.gov/expert/expert-commentary/16455/envisioning-the-next-generation-of-performance-measures-for-ambulatory-care'}, {'datetime': '2017-06-30T02:34:37Z', 'uri': 'http://web.archive.org/web/20170630023437/https://qualitymeasures.ahrq.gov/expert/expert-commentary/16455/envisioning-the-next-generation-of-performance-measures-for-ambulatory-care'}, {'datetime': '2017-07-12T03:56:11Z', 'uri': 'http://web.archive.org/web/20170712035611/https://www.qualitymeasures.ahrq.gov/expert/expert-commentary/16455/envisioning-the-next-generation-of-performance-measures-for-ambulatory-care'}, {'datetime': '2018-06-09T10:49:53Z', 'uri': 'http://web.archive.org/web/20180609104953/https://www.qualitymeasures.ahrq.gov/expert/expert-commentary/16455/envisioning-the-next-generation-of-performance-measures-for-ambulatory-care'}, {'datetime': '2018-06-20T17:39:59Z', 'uri': 'http://web.archive.org/web/20180620173959/https://www.qualitymeasures.ahrq.gov/expert/expert-commentary/16455/envisioning-the-next-generation-of-performance-measures-for-ambulatory-care'}]
https://qualitymeasures.ahrq.gov/expert/expert-commentary/16456/national-quality-measurement-systems-for-assessment-of-nursing-home-care	ARCHIVED	7 mementos	[{'datetime': '2016-12-29T20:02:12Z', 'uri': 'http://web.archive.org/web/20161229200212/https://qualitymeasures.ahrq.gov/expert/expert-commentary/16456/national-quality-measurement-systems-for-assessment-of-nursing-home-care'}, {'datetime': '2017-04-27T10:17:36Z', 'uri': 'http://web.archive.org/web/20170427101736/https://qualitymeasures.ahrq.gov/expert/expert-commentary/16456/national-quality-measurement-systems-for-assessment-of-nursing-home-care'}, {'datetime': '2017-06-13T15:05:35Z', 'uri': 'http://web.archive.org/web/20170613150535/https://qualitymeasures.ahrq.gov/expert/expert-commentary/16456/national-quality-measurement-systems-for-assessment-of-nursing-home-care'}, {'datetime': '2017-06-30T02:34:47Z', 'uri': 'http://web.archive.org/web/20170630023447/https://qualitymeasures.ahrq.gov/expert/expert-commentary/16456/national-quality-measurement-systems-for-assessment-of-nursing-home-care'}, {'datetime': '2017-07-12T03:57:04Z', 'uri': 'http://web.archive.org/web/20170712035704/https://www.qualitymeasures.ahrq.gov/expert/expert-commentary/16456/national-quality-measurement-systems-for-assessment-of-nursing-home-care'}, {'datetime': '2018-06-09T10:50:00Z', 'uri': 'http://web.archive.org/web/20180609105000/https://www.qualitymeasures.ahrq.gov/expert/expert-commentary/16456/national-quality-measurement-systems-for-assessment-of-nursing-home-care'}, {'datetime': '2018-06-20T17:40:13Z', 'uri': 'http://web.archive.org/web/20180620174013/https://www.qualitymeasures.ahrq.gov/expert/expert-commentary/16456/national-quality-measurement-systems-for-assessment-of-nursing-home-care'}]
https://qualitymeasures.ahrq.gov/expert/expert-commentary/16457/on-quality-measurement-babies-and-bathwater	ARCHIVED	7 mementos	[{'datetime': '2016-12-29T20:02:31Z', 'uri': 'http://web.archive.org/web/20161229200231/https://qualitymeasures.ahrq.gov/expert/expert-commentary/16457/on-quality-measurement-babies-and-bathwater'}, {'datetime': '2017-04-27T10:17:56Z', 'uri': 'http://web.archive.org/web/20170427101756/https://qualitymeasures.ahrq.gov/expert/expert-commentary/16457/on-quality-measurement-babies-and-bathwater'}, {'datetime': '2017-06-13T16:58:24Z', 'uri': 'http://web.archive.org/web/20170613165824/https://qualitymeasures.ahrq.gov/expert/expert-commentary/16457/on-quality-measurement-babies-and-bathwater'}, {'datetime': '2017-06-30T02:35:00Z', 'uri': 'http://web.archive.org/web/20170630023500/https://qualitymeasures.ahrq.gov/expert/expert-commentary/16457/on-quality-measurement-babies-and-bathwater'}, {'datetime': '2017-07-12T03:57:56Z', 'uri': 'http://web.archive.org/web/20170712035756/https://www.qualitymeasures.ahrq.gov/expert/expert-commentary/16457/on-quality-measurement-babies-and-bathwater'}, {'datetime': '2018-06-09T10:49:54Z', 'uri': 'http://web.archive.org/web/20180609104954/https://www.qualitymeasures.ahrq.gov/expert/expert-commentary/16457/on-quality-measurement-babies-and-bathwater'}, {'datetime': '2018-06-20T17:40:10Z', 'uri': 'http://web.archive.org/web/20180620174010/https://www.qualitymeasures.ahrq.gov/expert/expert-commentary/16457/on-quality-measurement-babies-and-bathwater'}]
https://qualitymeasures.ahrq.gov/expert/expert-commentary/16458/electronic-health-records-in-a-large-integrated-health-system-its-automatic-not-at-least-not-yet	ARCHIVED	7 mementos	[{'datetime': '2016-12-29T20:02:53Z', 'uri': 'http://web.archive.org/web/20161229200253/https://qualitymeasures.ahrq.gov/expert/expert-commentary/16458/electronic-health-records-in-a-large-integrated-health-system-its-automatic-not-at-least-not-yet'}, {'datetime': '2017-04-27T10:18:30Z', 'uri': 'http://web.archive.org/web/20170427101830/https://qualitymeasures.ahrq.gov/expert/expert-commentary/16458/electronic-health-records-in-a-large-integrated-health-system-its-automatic-not-at-least-not-yet'}, {'datetime': '2017-06-13T17:17:45Z', 'uri': 'http://web.archive.org/web/20170613171745/https://qualitymeasures.ahrq.gov/expert/expert-commentary/16458/electronic-health-records-in-a-large-integrated-health-system-its-automatic-not-at-least-not-yet'}, {'datetime': '2017-06-30T02:35:12Z', 'uri': 'http://web.archive.org/web/20170630023512/https://qualitymeasures.ahrq.gov/expert/expert-commentary/16458/electronic-health-records-in-a-large-integrated-health-system-its-automatic-not-at-least-not-yet'}, {'datetime': '2017-07-12T03:58:45Z', 'uri': 'http://web.archive.org/web/20170712035845/https://www.qualitymeasures.ahrq.gov/expert/expert-commentary/16458/electronic-health-records-in-a-large-integrated-health-system-its-automatic-not-at-least-not-yet'}, {'datetime': '2018-06-09T10:49:58Z', 'uri': 'http://web.archive.org/web/20180609104958/https://www.qualitymeasures.ahrq.gov/expert/expert-commentary/16458/electronic-health-records-in-a-large-integrated-health-system-its-automatic-not-at-least-not-yet'}, {'datetime': '2018-06-20T17:40:11Z', 'uri': 'http://web.archive.org/web/20180620174011/https://www.qualitymeasures.ahrq.gov/expert/expert-commentary/16458/electronic-health-records-in-a-large-integrated-health-system-its-automatic-not-at-least-not-yet'}]
https://qualitymeasures.ahrq.gov/expert/expert-commentary/16459/why-are-there-no-efficiency-measures-in-the-national-quality-measures-clearinghouse	ARCHIVED	7 mementos	[{'datetime': '2016-12-29T20:03:22Z', 'uri': 'http://web.archive.org/web/20161229200322/https://qualitymeasures.ahrq.gov/expert/expert-commentary/16459/why-are-there-no-efficiency-measures-in-the-national-quality-measures-clearinghouse'}, {'datetime': '2017-04-27T10:18:44Z', 'uri': 'http://web.archive.org/web/20170427101844/https://qualitymeasures.ahrq.gov/expert/expert-commentary/16459/why-are-there-no-efficiency-measures-in-the-national-quality-measures-clearinghouse'}, {'datetime': '2017-06-13T13:52:35Z', 'uri': 'http://web.archive.org/web/20170613135235/https://qualitymeasures.ahrq.gov/expert/expert-commentary/16459/why-are-there-no-efficiency-measures-in-the-national-quality-measures-clearinghouse'}, {'datetime': '2017-06-30T02:35:29Z', 'uri': 'http://web.archive.org/web/20170630023529/https://qualitymeasures.ahrq.gov/expert/expert-commentary/16459/why-are-there-no-efficiency-measures-in-the-national-quality-measures-clearinghouse'}, {'datetime': '2017-07-12T04:05:10Z', 'uri': 'http://web.archive.org/web/20170712040510/https://www.qualitymeasures.ahrq.gov/expert/expert-commentary/16459/why-are-there-no-efficiency-measures-in-the-national-quality-measures-clearinghouse'}, {'datetime': '2018-06-09T10:49:57Z', 'uri': 'http://web.archive.org/web/20180609104957/https://www.qualitymeasures.ahrq.gov/expert/expert-commentary/16459/why-are-there-no-efficiency-measures-in-the-national-quality-measures-clearinghouse'}, {'datetime': '2018-06-20T17:40:00Z', 'uri': 'http://web.archive.org/web/20180620174000/https://www.qualitymeasures.ahrq.gov/expert/expert-commentary/16459/why-are-there-no-efficiency-measures-in-the-national-quality-measures-clearinghouse'}]
https://qualitymeasures.ahrq.gov/expert/expert-commentary/16460/user-perspectives-an-overview-of-the-clearinghouse-survey-results	ARCHIVED	7 mementos	[{'datetime': '2016-12-29T20:03:46Z', 'uri': 'http://web.archive.org/web/20161229200346/https://qualitymeasures.ahrq.gov/expert/expert-commentary/16460/user-perspectives-an-overview-of-the-clearinghouse-survey-results'}, {'datetime': '2017-04-27T10:19:17Z', 'uri': 'http://web.archive.org/web/20170427101917/https://qualitymeasures.ahrq.gov/expert/expert-commentary/16460/user-perspectives-an-overview-of-the-clearinghouse-survey-results'}, {'datetime': '2017-06-13T11:29:03Z', 'uri': 'http://web.archive.org/web/20170613112903/https://qualitymeasures.ahrq.gov/expert/expert-commentary/16460/user-perspectives-an-overview-of-the-clearinghouse-survey-results'}, {'datetime': '2017-06-30T02:35:40Z', 'uri': 'http://web.archive.org/web/20170630023540/https://qualitymeasures.ahrq.gov/expert/expert-commentary/16460/user-perspectives-an-overview-of-the-clearinghouse-survey-results'}, {'datetime': '2017-07-12T04:06:21Z', 'uri': 'http://web.archive.org/web/20170712040621/https://www.qualitymeasures.ahrq.gov/expert/expert-commentary/16460/user-perspectives-an-overview-of-the-clearinghouse-survey-results'}, {'datetime': '2018-06-09T10:49:49Z', 'uri': 'http://web.archive.org/web/20180609104949/https://www.qualitymeasures.ahrq.gov/expert/expert-commentary/16460/user-perspectives-an-overview-of-the-clearinghouse-survey-results'}, {'datetime': '2018-06-20T17:39:59Z', 'uri': 'http://web.archive.org/web/20180620173959/https://www.qualitymeasures.ahrq.gov/expert/expert-commentary/16460/user-perspectives-an-overview-of-the-clearinghouse-survey-results'}]
https://qualitymeasures.ahrq.gov/expert/expert-commentary/16461/evaluating-evidence-in-the-development-of-performance-measures	ARCHIVED	7 mementos	[{'datetime': '2016-12-29T20:05:01Z', 'uri': 'http://web.archive.org/web/20161229200501/https://qualitymeasures.ahrq.gov/expert/expert-commentary/16461/evaluating-evidence-in-the-development-of-performance-measures'}, {'datetime': '2017-04-27T10:20:32Z', 'uri': 'http://web.archive.org/web/20170427102032/https://qualitymeasures.ahrq.gov/expert/expert-commentary/16461/evaluating-evidence-in-the-development-of-performance-measures'}, {'datetime': '2017-06-13T16:54:52Z', 'uri': 'http://web.archive.org/web/20170613165452/https://qualitymeasures.ahrq.gov/expert/expert-commentary/16461/evaluating-evidence-in-the-development-of-performance-measures'}, {'datetime': '2017-06-30T02:35:57Z', 'uri': 'http://web.archive.org/web/20170630023557/https://qualitymeasures.ahrq.gov/expert/expert-commentary/16461/evaluating-evidence-in-the-development-of-performance-measures'}, {'datetime': '2017-07-12T04:11:51Z', 'uri': 'http://web.archive.org/web/20170712041151/https://www.qualitymeasures.ahrq.gov/expert/expert-commentary/16461/evaluating-evidence-in-the-development-of-performance-measures'}, {'datetime': '2018-06-09T10:49:59Z', 'uri': 'http://web.archive.org/web/20180609104959/https://www.qualitymeasures.ahrq.gov/expert/expert-commentary/16461/evaluating-evidence-in-the-development-of-performance-measures'}, {'datetime': '2018-06-20T17:40:15Z', 'uri': 'http://web.archive.org/web/20180620174015/https://www.qualitymeasures.ahrq.gov/expert/expert-commentary/16461/evaluating-evidence-in-the-development-of-performance-measures'}]
https://qualitymeasures.ahrq.gov/expert/expert-commentary/16462/hospital-process-measures-only-one-piece-of-the-quality-improvement-puzzle	ARCHIVED	7 mementos	[{'datetime': '2016-12-20T09:11:27Z', 'uri': 'http://web.archive.org/web/20161220091127/https://qualitymeasures.ahrq.gov/expert/expert-commentary/16462/hospital-process-measures-only-one-piece-of-the-quality-improvement-puzzle'}, {'datetime': '2017-04-27T02:13:21Z', 'uri': 'http://web.archive.org/web/20170427021321/https://qualitymeasures.ahrq.gov/expert/expert-commentary/16462/hospital-process-measures-only-one-piece-of-the-quality-improvement-puzzle'}, {'datetime': '2017-06-13T14:12:40Z', 'uri': 'http://web.archive.org/web/20170613141240/https://qualitymeasures.ahrq.gov/expert/expert-commentary/16462/hospital-process-measures-only-one-piece-of-the-quality-improvement-puzzle'}, {'datetime': '2017-06-30T02:36:12Z', 'uri': 'http://web.archive.org/web/20170630023612/https://qualitymeasures.ahrq.gov/expert/expert-commentary/16462/hospital-process-measures-only-one-piece-of-the-quality-improvement-puzzle'}, {'datetime': '2017-07-12T04:12:48Z', 'uri': 'http://web.archive.org/web/20170712041248/https://www.qualitymeasures.ahrq.gov/expert/expert-commentary/16462/hospital-process-measures-only-one-piece-of-the-quality-improvement-puzzle'}, {'datetime': '2018-06-09T10:49:51Z', 'uri': 'http://web.archive.org/web/20180609104951/https://www.qualitymeasures.ahrq.gov/expert/expert-commentary/16462/hospital-process-measures-only-one-piece-of-the-quality-improvement-puzzle'}, {'datetime': '2018-06-20T17:40:03Z', 'uri': 'http://web.archive.org/web/20180620174003/https://www.qualitymeasures.ahrq.gov/expert/expert-commentary/16462/hospital-process-measures-only-one-piece-of-the-quality-improvement-puzzle'}]
https://qualitymeasures.ahrq.gov/expert/expert-commentary/16463/accessing-clinical-information-to-enrich-performance-measurement-the-wisconsin-experience	ARCHIVED	7 mementos	[{'datetime': '2016-12-29T20:05:20Z', 'uri': 'http://web.archive.org/web/20161229200520/https://qualitymeasures.ahrq.gov/expert/expert-commentary/16463/accessing-clinical-information-to-enrich-performance-measurement-the-wisconsin-experience'}, {'datetime': '2017-04-27T10:25:04Z', 'uri': 'http://web.archive.org/web/20170427102504/https://qualitymeasures.ahrq.gov/expert/expert-commentary/16463/accessing-clinical-information-to-enrich-performance-measurement-the-wisconsin-experience'}, {'datetime': '2017-06-13T16:59:03Z', 'uri': 'http://web.archive.org/web/20170613165903/https://qualitymeasures.ahrq.gov/expert/expert-commentary/16463/accessing-clinical-information-to-enrich-performance-measurement-the-wisconsin-experience'}, {'datetime': '2017-06-30T02:36:22Z', 'uri': 'http://web.archive.org/web/20170630023622/https://qualitymeasures.ahrq.gov/expert/expert-commentary/16463/accessing-clinical-information-to-enrich-performance-measurement-the-wisconsin-experience'}, {'datetime': '2017-07-12T04:13:14Z', 'uri': 'http://web.archive.org/web/20170712041314/https://www.qualitymeasures.ahrq.gov/expert/expert-commentary/16463/accessing-clinical-information-to-enrich-performance-measurement-the-wisconsin-experience'}, {'datetime': '2018-06-09T10:49:59Z', 'uri': 'http://web.archive.org/web/20180609104959/https://www.qualitymeasures.ahrq.gov/expert/expert-commentary/16463/accessing-clinical-information-to-enrich-performance-measurement-the-wisconsin-experience'}, {'datetime': '2018-06-20T17:40:01Z', 'uri': 'http://web.archive.org/web/20180620174001/https://www.qualitymeasures.ahrq.gov/expert/expert-commentary/16463/accessing-clinical-information-to-enrich-performance-measurement-the-wisconsin-experience'}]
https://qualitymeasures.ahrq.gov/expert/expert-commentary/16464/composite-measures-matching-the-method-to-the-purpose	ARCHIVED	6 mementos	[{'datetime': '2016-12-29T20:05:52Z', 'uri': 'http://web.archive.org/web/20161229200552/https://qualitymeasures.ahrq.gov/expert/expert-commentary/16464/composite-measures-matching-the-method-to-the-purpose'}, {'datetime': '2017-04-27T10:25:31Z', 'uri': 'http://web.archive.org/web/20170427102531/https://qualitymeasures.ahrq.gov/expert/expert-commentary/16464/composite-measures-matching-the-method-to-the-purpose'}, {'datetime': '2017-06-30T02:36:33Z', 'uri': 'http://web.archive.org/web/20170630023633/https://qualitymeasures.ahrq.gov/expert/expert-commentary/16464/composite-measures-matching-the-method-to-the-purpose'}, {'datetime': '2017-07-12T04:13:28Z', 'uri': 'http://web.archive.org/web/20170712041328/https://www.qualitymeasures.ahrq.gov/expert/expert-commentary/16464/composite-measures-matching-the-method-to-the-purpose'}, {'datetime': '2018-06-09T10:49:47Z', 'uri': 'http://web.archive.org/web/20180609104947/https://www.qualitymeasures.ahrq.gov/expert/expert-commentary/16464/composite-measures-matching-the-method-to-the-purpose'}, {'datetime': '2018-06-20T17:40:03Z', 'uri': 'http://web.archive.org/web/20180620174003/https://www.qualitymeasures.ahrq.gov/expert/expert-commentary/16464/composite-measures-matching-the-method-to-the-purpose'}]
https://qualitymeasures.ahrq.gov/expert/expert-commentary/16465/the-american-heart-associations-get-with-the-guidelines-program-key-findings-and-lessons-learned	ARCHIVED	7 mementos	[{'datetime': '2016-12-29T20:07:47Z', 'uri': 'http://web.archive.org/web/20161229200747/https://qualitymeasures.ahrq.gov/expert/expert-commentary/16465/the-american-heart-associations-get-with-the-guidelines-program-key-findings-and-lessons-learned'}, {'datetime': '2017-04-27T10:27:53Z', 'uri': 'http://web.archive.org/web/20170427102753/https://qualitymeasures.ahrq.gov/expert/expert-commentary/16465/the-american-heart-associations-get-with-the-guidelines-program-key-findings-and-lessons-learned'}, {'datetime': '2017-06-13T15:06:53Z', 'uri': 'http://web.archive.org/web/20170613150653/https://qualitymeasures.ahrq.gov/expert/expert-commentary/16465/the-american-heart-associations-get-with-the-guidelines-program-key-findings-and-lessons-learned'}, {'datetime': '2017-06-30T02:37:57Z', 'uri': 'http://web.archive.org/web/20170630023757/https://qualitymeasures.ahrq.gov/expert/expert-commentary/16465/the-american-heart-associations-get-with-the-guidelines-program-key-findings-and-lessons-learned'}, {'datetime': '2017-07-12T04:19:58Z', 'uri': 'http://web.archive.org/web/20170712041958/https://www.qualitymeasures.ahrq.gov/expert/expert-commentary/16465/the-american-heart-associations-get-with-the-guidelines-program-key-findings-and-lessons-learned'}, {'datetime': '2018-06-09T10:49:51Z', 'uri': 'http://web.archive.org/web/20180609104951/https://www.qualitymeasures.ahrq.gov/expert/expert-commentary/16465/the-american-heart-associations-get-with-the-guidelines-program-key-findings-and-lessons-learned'}, {'datetime': '2018-06-20T17:40:07Z', 'uri': 'http://web.archive.org/web/20180620174007/https://www.qualitymeasures.ahrq.gov/expert/expert-commentary/16465/the-american-heart-associations-get-with-the-guidelines-program-key-findings-and-lessons-learned'}]
https://qualitymeasures.ahrq.gov/expert/expert-commentary/16466/importance-of-patientreported-outcomes-for-quality-improvement	ARCHIVED	7 mementos	[{'datetime': '2016-12-29T20:06:21Z', 'uri': 'http://web.archive.org/web/20161229200621/https://qualitymeasures.ahrq.gov/expert/expert-commentary/16466/importance-of-patientreported-outcomes-for-quality-improvement'}, {'datetime': '2017-04-27T10:25:54Z', 'uri': 'http://web.archive.org/web/20170427102554/https://qualitymeasures.ahrq.gov/expert/expert-commentary/16466/importance-of-patientreported-outcomes-for-quality-improvement'}, {'datetime': '2017-06-13T17:14:05Z', 'uri': 'http://web.archive.org/web/20170613171405/https://qualitymeasures.ahrq.gov/expert/expert-commentary/16466/importance-of-patientreported-outcomes-for-quality-improvement'}, {'datetime': '2017-06-30T02:36:49Z', 'uri': 'http://web.archive.org/web/20170630023649/https://qualitymeasures.ahrq.gov/expert/expert-commentary/16466/importance-of-patientreported-outcomes-for-quality-improvement'}, {'datetime': '2017-07-12T04:15:29Z', 'uri': 'http://web.archive.org/web/20170712041529/https://www.qualitymeasures.ahrq.gov/expert/expert-commentary/16466/importance-of-patientreported-outcomes-for-quality-improvement'}, {'datetime': '2018-06-09T10:49:56Z', 'uri': 'http://web.archive.org/web/20180609104956/https://www.qualitymeasures.ahrq.gov/expert/expert-commentary/16466/importance-of-patientreported-outcomes-for-quality-improvement'}, {'datetime': '2018-06-20T17:40:04Z', 'uri': 'http://web.archive.org/web/20180620174004/https://www.qualitymeasures.ahrq.gov/expert/expert-commentary/16466/importance-of-patientreported-outcomes-for-quality-improvement'}]
https://qualitymeasures.ahrq.gov/expert/expert-commentary/16467/assessing-the-quality-of-mental-health-care-in-low-and-middleincome-countries	ARCHIVED	7 mementos	[{'datetime': '2016-12-29T20:06:49Z', 'uri': 'http://web.archive.org/web/20161229200649/https://qualitymeasures.ahrq.gov/expert/expert-commentary/16467/assessing-the-quality-of-mental-health-care-in-low-and-middleincome-countries'}, {'datetime': '2017-04-27T10:26:36Z', 'uri': 'http://web.archive.org/web/20170427102636/https://qualitymeasures.ahrq.gov/expert/expert-commentary/16467/assessing-the-quality-of-mental-health-care-in-low-and-middleincome-countries'}, {'datetime': '2017-06-13T15:26:40Z', 'uri': 'http://web.archive.org/web/20170613152640/https://qualitymeasures.ahrq.gov/expert/expert-commentary/16467/assessing-the-quality-of-mental-health-care-in-low-and-middleincome-countries'}, {'datetime': '2017-06-30T02:37:05Z', 'uri': 'http://web.archive.org/web/20170630023705/https://qualitymeasures.ahrq.gov/expert/expert-commentary/16467/assessing-the-quality-of-mental-health-care-in-low-and-middleincome-countries'}, {'datetime': '2017-07-12T04:15:51Z', 'uri': 'http://web.archive.org/web/20170712041551/https://www.qualitymeasures.ahrq.gov/expert/expert-commentary/16467/assessing-the-quality-of-mental-health-care-in-low-and-middleincome-countries'}, {'datetime': '2018-06-09T10:49:52Z', 'uri': 'http://web.archive.org/web/20180609104952/https://www.qualitymeasures.ahrq.gov/expert/expert-commentary/16467/assessing-the-quality-of-mental-health-care-in-low-and-middleincome-countries'}, {'datetime': '2018-06-20T17:39:58Z', 'uri': 'http://web.archive.org/web/20180620173958/https://www.qualitymeasures.ahrq.gov/expert/expert-commentary/16467/assessing-the-quality-of-mental-health-care-in-low-and-middleincome-countries'}]
https://qualitymeasures.ahrq.gov/expert/expert-commentary/16468/the-public-reporting-of-performance-data-an-intervention-in-need-of-more-evaluation	ARCHIVED	7 mementos	[{'datetime': '2016-12-29T20:07:11Z', 'uri': 'http://web.archive.org/web/20161229200711/https://qualitymeasures.ahrq.gov/expert/expert-commentary/16468/the-public-reporting-of-performance-data-an-intervention-in-need-of-more-evaluation'}, {'datetime': '2017-04-27T10:27:00Z', 'uri': 'http://web.archive.org/web/20170427102700/https://qualitymeasures.ahrq.gov/expert/expert-commentary/16468/the-public-reporting-of-performance-data-an-intervention-in-need-of-more-evaluation'}, {'datetime': '2017-06-13T14:59:40Z', 'uri': 'http://web.archive.org/web/20170613145940/https://qualitymeasures.ahrq.gov/expert/expert-commentary/16468/the-public-reporting-of-performance-data-an-intervention-in-need-of-more-evaluation'}, {'datetime': '2017-06-30T02:37:21Z', 'uri': 'http://web.archive.org/web/20170630023721/https://qualitymeasures.ahrq.gov/expert/expert-commentary/16468/the-public-reporting-of-performance-data-an-intervention-in-need-of-more-evaluation'}, {'datetime': '2017-07-12T04:17:22Z', 'uri': 'http://web.archive.org/web/20170712041722/https://www.qualitymeasures.ahrq.gov/expert/expert-commentary/16468/the-public-reporting-of-performance-data-an-intervention-in-need-of-more-evaluation'}, {'datetime': '2018-06-09T10:49:52Z', 'uri': 'http://web.archive.org/web/20180609104952/https://www.qualitymeasures.ahrq.gov/expert/expert-commentary/16468/the-public-reporting-of-performance-data-an-intervention-in-need-of-more-evaluation'}, {'datetime': '2018-06-20T17:40:04Z', 'uri': 'http://web.archive.org/web/20180620174004/https://www.qualitymeasures.ahrq.gov/expert/expert-commentary/16468/the-public-reporting-of-performance-data-an-intervention-in-need-of-more-evaluation'}]
https://qualitymeasures.ahrq.gov/expert/expert-commentary/16469/broadening-the-quality-measurement-landscape-the-importance-of-competence	ARCHIVED	7 mementos	[{'datetime': '2016-12-29T20:07:34Z', 'uri': 'http://web.archive.org/web/20161229200734/https://qualitymeasures.ahrq.gov/expert/expert-commentary/16469/broadening-the-quality-measurement-landscape-the-importance-of-competence'}, {'datetime': '2017-04-27T10:27:15Z', 'uri': 'http://web.archive.org/web/20170427102715/https://qualitymeasures.ahrq.gov/expert/expert-commentary/16469/broadening-the-quality-measurement-landscape-the-importance-of-competence'}, {'datetime': '2017-06-13T17:40:12Z', 'uri': 'http://web.archive.org/web/20170613174012/https://qualitymeasures.ahrq.gov/expert/expert-commentary/16469/broadening-the-quality-measurement-landscape-the-importance-of-competence'}, {'datetime': '2017-06-30T02:37:36Z', 'uri': 'http://web.archive.org/web/20170630023736/https://qualitymeasures.ahrq.gov/expert/expert-commentary/16469/broadening-the-quality-measurement-landscape-the-importance-of-competence'}, {'datetime': '2017-07-12T04:18:45Z', 'uri': 'http://web.archive.org/web/20170712041845/https://www.qualitymeasures.ahrq.gov/expert/expert-commentary/16469/broadening-the-quality-measurement-landscape-the-importance-of-competence'}, {'datetime': '2018-06-09T10:49:58Z', 'uri': 'http://web.archive.org/web/20180609104958/https://www.qualitymeasures.ahrq.gov/expert/expert-commentary/16469/broadening-the-quality-measurement-landscape-the-importance-of-competence'}, {'datetime': '2018-06-20T17:40:02Z', 'uri': 'http://web.archive.org/web/20180620174002/https://www.qualitymeasures.ahrq.gov/expert/expert-commentary/16469/broadening-the-quality-measurement-landscape-the-importance-of-competence'}]
https://qualitymeasures.ahrq.gov/expert/expert-commentary/16470/wanted-delivery-systemlevel-performance-measures	ARCHIVED	7 mementos	[{'datetime': '2016-12-29T20:07:59Z', 'uri': 'http://web.archive.org/web/20161229200759/https://qualitymeasures.ahrq.gov/expert/expert-commentary/16470/wanted-delivery-systemlevel-performance-measures'}, {'datetime': '2017-04-27T10:28:13Z', 'uri': 'http://web.archive.org/web/20170427102813/https://qualitymeasures.ahrq.gov/expert/expert-commentary/16470/wanted-delivery-systemlevel-performance-measures'}, {'datetime': '2017-06-13T16:41:35Z', 'uri': 'http://web.archive.org/web/20170613164135/https://qualitymeasures.ahrq.gov/expert/expert-commentary/16470/wanted-delivery-systemlevel-performance-measures'}, {'datetime': '2017-06-30T02:38:14Z', 'uri': 'http://web.archive.org/web/20170630023814/https://qualitymeasures.ahrq.gov/expert/expert-commentary/16470/wanted-delivery-systemlevel-performance-measures'}, {'datetime': '2017-07-12T04:20:32Z', 'uri': 'http://web.archive.org/web/20170712042032/https://www.qualitymeasures.ahrq.gov/expert/expert-commentary/16470/wanted-delivery-systemlevel-performance-measures'}, {'datetime': '2018-06-09T10:49:55Z', 'uri': 'http://web.archive.org/web/20180609104955/https://www.qualitymeasures.ahrq.gov/expert/expert-commentary/16470/wanted-delivery-systemlevel-performance-measures'}, {'datetime': '2018-06-20T17:40:09Z', 'uri': 'http://web.archive.org/web/20180620174009/https://www.qualitymeasures.ahrq.gov/expert/expert-commentary/16470/wanted-delivery-systemlevel-performance-measures'}]
https://qualitymeasures.ahrq.gov/expert/expert-commentary/16471/a-season-for-change	ARCHIVED	7 mementos	[{'datetime': '2016-12-29T20:08:48Z', 'uri': 'http://web.archive.org/web/20161229200848/https://qualitymeasures.ahrq.gov/expert/expert-commentary/16471/a-season-for-change'}, {'datetime': '2017-04-27T10:32:13Z', 'uri': 'http://web.archive.org/web/20170427103213/https://qualitymeasures.ahrq.gov/expert/expert-commentary/16471/a-season-for-change'}, {'datetime': '2017-06-13T16:42:11Z', 'uri': 'http://web.archive.org/web/20170613164211/https://qualitymeasures.ahrq.gov/expert/expert-commentary/16471/a-season-for-change'}, {'datetime': '2017-06-30T02:38:38Z', 'uri': 'http://web.archive.org/web/20170630023838/https://qualitymeasures.ahrq.gov/expert/expert-commentary/16471/a-season-for-change'}, {'datetime': '2017-07-12T04:22:24Z', 'uri': 'http://web.archive.org/web/20170712042224/https://www.qualitymeasures.ahrq.gov/expert/expert-commentary/16471/a-season-for-change'}, {'datetime': '2018-06-09T10:49:54Z', 'uri': 'http://web.archive.org/web/20180609104954/https://www.qualitymeasures.ahrq.gov/expert/expert-commentary/16471/a-season-for-change'}, {'datetime': '2018-06-20T17:40:13Z', 'uri': 'http://web.archive.org/web/20180620174013/https://www.qualitymeasures.ahrq.gov/expert/expert-commentary/16471/a-season-for-change'}]
https://qualitymeasures.ahrq.gov/expert/expert-commentary/16472/is-the-measurement-mandate-diverting-the-patient-safety-revolution	ARCHIVED	7 mementos	[{'datetime': '2016-12-29T20:08:30Z', 'uri': 'http://web.archive.org/web/20161229200830/https://qualitymeasures.ahrq.gov/expert/expert-commentary/16472/is-the-measurement-mandate-diverting-the-patient-safety-revolution'}, {'datetime': '2017-04-27T10:31:28Z', 'uri': 'http://web.archive.org/web/20170427103128/https://qualitymeasures.ahrq.gov/expert/expert-commentary/16472/is-the-measurement-mandate-diverting-the-patient-safety-revolution'}, {'datetime': '2017-06-13T17:20:47Z', 'uri': 'http://web.archive.org/web/20170613172047/https://qualitymeasures.ahrq.gov/expert/expert-commentary/16472/is-the-measurement-mandate-diverting-the-patient-safety-revolution'}, {'datetime': '2017-06-30T02:38:26Z', 'uri': 'http://web.archive.org/web/20170630023826/https://qualitymeasures.ahrq.gov/expert/expert-commentary/16472/is-the-measurement-mandate-diverting-the-patient-safety-revolution'}, {'datetime': '2017-07-12T04:21:15Z', 'uri': 'http://web.archive.org/web/20170712042115/https://www.qualitymeasures.ahrq.gov/expert/expert-commentary/16472/is-the-measurement-mandate-diverting-the-patient-safety-revolution'}, {'datetime': '2018-06-09T10:49:55Z', 'uri': 'http://web.archive.org/web/20180609104955/https://www.qualitymeasures.ahrq.gov/expert/expert-commentary/16472/is-the-measurement-mandate-diverting-the-patient-safety-revolution'}, {'datetime': '2018-06-20T17:40:02Z', 'uri': 'http://web.archive.org/web/20180620174002/https://www.qualitymeasures.ahrq.gov/expert/expert-commentary/16472/is-the-measurement-mandate-diverting-the-patient-safety-revolution'}]
https://qualitymeasures.ahrq.gov/expert/expert-commentary/23789/interoperable-electronic-health-records-and-quality-of-care	ARCHIVED	7 mementos	[{'datetime': '2016-12-29T19:59:24Z', 'uri': 'http://web.archive.org/web/20161229195924/https://qualitymeasures.ahrq.gov/expert/expert-commentary/23789/interoperable-electronic-health-records-and-quality-of-care'}, {'datetime': '2017-04-27T10:15:11Z', 'uri': 'http://web.archive.org/web/20170427101511/https://qualitymeasures.ahrq.gov/expert/expert-commentary/23789/interoperable-electronic-health-records-and-quality-of-care'}, {'datetime': '2017-06-13T17:05:54Z', 'uri': 'http://web.archive.org/web/20170613170554/https://qualitymeasures.ahrq.gov/expert/expert-commentary/23789/interoperable-electronic-health-records-and-quality-of-care'}, {'datetime': '2017-06-30T02:33:38Z', 'uri': 'http://web.archive.org/web/20170630023338/https://qualitymeasures.ahrq.gov/expert/expert-commentary/23789/interoperable-electronic-health-records-and-quality-of-care'}, {'datetime': '2017-07-12T03:50:44Z', 'uri': 'http://web.archive.org/web/20170712035044/https://www.qualitymeasures.ahrq.gov/expert/expert-commentary/23789/interoperable-electronic-health-records-and-quality-of-care'}, {'datetime': '2018-06-09T10:49:59Z', 'uri': 'http://web.archive.org/web/20180609104959/https://www.qualitymeasures.ahrq.gov/expert/expert-commentary/23789/interoperable-electronic-health-records-and-quality-of-care'}, {'datetime': '2018-06-20T17:40:07Z', 'uri': 'http://web.archive.org/web/20180620174007/https://www.qualitymeasures.ahrq.gov/expert/expert-commentary/23789/interoperable-electronic-health-records-and-quality-of-care'}]
https://qualitymeasures.ahrq.gov/expert/expert-commentary/23790/an-integrated-approach-to-developing-health-care-guidelines-and-measures	ARCHIVED	7 mementos	[{'datetime': '2016-12-29T20:00:15Z', 'uri': 'http://web.archive.org/web/20161229200015/https://qualitymeasures.ahrq.gov/expert/expert-commentary/23790/an-integrated-approach-to-developing-health-care-guidelines-and-measures'}, {'datetime': '2017-04-27T10:15:38Z', 'uri': 'http://web.archive.org/web/20170427101538/https://qualitymeasures.ahrq.gov/expert/expert-commentary/23790/an-integrated-approach-to-developing-health-care-guidelines-and-measures'}, {'datetime': '2017-06-13T13:49:23Z', 'uri': 'http://web.archive.org/web/20170613134923/https://qualitymeasures.ahrq.gov/expert/expert-commentary/23790/an-integrated-approach-to-developing-health-care-guidelines-and-measures'}, {'datetime': '2017-06-30T02:33:51Z', 'uri': 'http://web.archive.org/web/20170630023351/https://qualitymeasures.ahrq.gov/expert/expert-commentary/23790/an-integrated-approach-to-developing-health-care-guidelines-and-measures'}, {'datetime': '2017-07-12T03:51:49Z', 'uri': 'http://web.archive.org/web/20170712035149/https://www.qualitymeasures.ahrq.gov/expert/expert-commentary/23790/an-integrated-approach-to-developing-health-care-guidelines-and-measures'}, {'datetime': '2018-06-09T10:49:56Z', 'uri': 'http://web.archive.org/web/20180609104956/https://www.qualitymeasures.ahrq.gov/expert/expert-commentary/23790/an-integrated-approach-to-developing-health-care-guidelines-and-measures'}, {'datetime': '2018-06-20T17:40:15Z', 'uri': 'http://web.archive.org/web/20180620174015/https://www.qualitymeasures.ahrq.gov/expert/expert-commentary/23790/an-integrated-approach-to-developing-health-care-guidelines-and-measures'}]
https://qualitymeasures.ahrq.gov/expert/expert-commentary/23791/focus-on-accessibility-results-in-improved-function-and-content-for-nqmc-and-ngc	ARCHIVED	7 mementos	[{'datetime': '2016-12-29T19:59:03Z', 'uri': 'http://web.archive.org/web/20161229195903/https://qualitymeasures.ahrq.gov/expert/expert-commentary/23791/focus-on-accessibility-results-in-improved-function-and-content-for-nqmc-and-ngc'}, {'datetime': '2017-04-27T10:14:42Z', 'uri': 'http://web.archive.org/web/20170427101442/https://qualitymeasures.ahrq.gov/expert/expert-commentary/23791/focus-on-accessibility-results-in-improved-function-and-content-for-nqmc-and-ngc'}, {'datetime': '2017-06-13T11:29:05Z', 'uri': 'http://web.archive.org/web/20170613112905/https://qualitymeasures.ahrq.gov/expert/expert-commentary/23791/focus-on-accessibility-results-in-improved-function-and-content-for-nqmc-and-ngc'}, {'datetime': '2017-06-30T02:33:28Z', 'uri': 'http://web.archive.org/web/20170630023328/https://qualitymeasures.ahrq.gov/expert/expert-commentary/23791/focus-on-accessibility-results-in-improved-function-and-content-for-nqmc-and-ngc'}, {'datetime': '2017-07-12T03:49:23Z', 'uri': 'http://web.archive.org/web/20170712034923/https://www.qualitymeasures.ahrq.gov/expert/expert-commentary/23791/focus-on-accessibility-results-in-improved-function-and-content-for-nqmc-and-ngc'}, {'datetime': '2018-06-09T10:49:53Z', 'uri': 'http://web.archive.org/web/20180609104953/https://www.qualitymeasures.ahrq.gov/expert/expert-commentary/23791/focus-on-accessibility-results-in-improved-function-and-content-for-nqmc-and-ngc'}, {'datetime': '2018-06-20T17:40:10Z', 'uri': 'http://web.archive.org/web/20180620174010/https://www.qualitymeasures.ahrq.gov/expert/expert-commentary/23791/focus-on-accessibility-results-in-improved-function-and-content-for-nqmc-and-ngc'}]
https://qualitymeasures.ahrq.gov/expert/expert-commentary/23915/surmounting-the-challenges-of-measuring-and-improving-quality-in-ambulatory-care	ARCHIVED	7 mementos	[{'datetime': '2016-12-29T19:58:31Z', 'uri': 'http://web.archive.org/web/20161229195831/https://qualitymeasures.ahrq.gov/expert/expert-commentary/23915/surmounting-the-challenges-of-measuring-and-improving-quality-in-ambulatory-care'}, {'datetime': '2017-04-27T10:11:05Z', 'uri': 'http://web.archive.org/web/20170427101105/https://qualitymeasures.ahrq.gov/expert/expert-commentary/23915/surmounting-the-challenges-of-measuring-and-improving-quality-in-ambulatory-care'}, {'datetime': '2017-06-13T17:00:50Z', 'uri': 'http://web.archive.org/web/20170613170050/https://qualitymeasures.ahrq.gov/expert/expert-commentary/23915/surmounting-the-challenges-of-measuring-and-improving-quality-in-ambulatory-care'}, {'datetime': '2017-06-30T02:33:15Z', 'uri': 'http://web.archive.org/web/20170630023315/https://qualitymeasures.ahrq.gov/expert/expert-commentary/23915/surmounting-the-challenges-of-measuring-and-improving-quality-in-ambulatory-care'}, {'datetime': '2017-07-12T03:48:57Z', 'uri': 'http://web.archive.org/web/20170712034857/https://www.qualitymeasures.ahrq.gov/expert/expert-commentary/23915/surmounting-the-challenges-of-measuring-and-improving-quality-in-ambulatory-care'}, {'datetime': '2018-06-09T10:49:48Z', 'uri': 'http://web.archive.org/web/20180609104948/https://www.qualitymeasures.ahrq.gov/expert/expert-commentary/23915/surmounting-the-challenges-of-measuring-and-improving-quality-in-ambulatory-care'}, {'datetime': '2018-06-20T17:40:09Z', 'uri': 'http://web.archive.org/web/20180620174009/https://www.qualitymeasures.ahrq.gov/expert/expert-commentary/23915/surmounting-the-challenges-of-measuring-and-improving-quality-in-ambulatory-care'}]
https://qualitymeasures.ahrq.gov/expert/expert-commentary/24555/promoting-transparent-and-actionable-clinical-practice-guidelines-viewpoint-from-the-national-quality-measures-clearinghousenational-guideline-clearinghouse-nqmcngc-editorial-board	ARCHIVED	7 mementos	[{'datetime': '2016-12-29T19:58:00Z', 'uri': 'http://web.archive.org/web/20161229195800/https://qualitymeasures.ahrq.gov/expert/expert-commentary/24555/promoting-transparent-and-actionable-clinical-practice-guidelines-viewpoint-from-the-national-quality-measures-clearinghousenational-guideline-clearinghouse-nqmcngc-editorial-board'}, {'datetime': '2017-04-27T10:10:42Z', 'uri': 'http://web.archive.org/web/20170427101042/https://qualitymeasures.ahrq.gov/expert/expert-commentary/24555/promoting-transparent-and-actionable-clinical-practice-guidelines-viewpoint-from-the-national-quality-measures-clearinghousenational-guideline-clearinghouse-nqmcngc-editorial-board'}, {'datetime': '2017-06-13T17:04:39Z', 'uri': 'http://web.archive.org/web/20170613170439/https://qualitymeasures.ahrq.gov/expert/expert-commentary/24555/promoting-transparent-and-actionable-clinical-practice-guidelines-viewpoint-from-the-national-quality-measures-clearinghousenational-guideline-clearinghouse-nqmcngc-editorial-board'}, {'datetime': '2017-06-30T02:32:56Z', 'uri': 'http://web.archive.org/web/20170630023256/https://qualitymeasures.ahrq.gov/expert/expert-commentary/24555/promoting-transparent-and-actionable-clinical-practice-guidelines-viewpoint-from-the-national-quality-measures-clearinghousenational-guideline-clearinghouse-nqmcngc-editorial-board'}, {'datetime': '2017-07-12T03:48:38Z', 'uri': 'http://web.archive.org/web/20170712034838/https://www.qualitymeasures.ahrq.gov/expert/expert-commentary/24555/promoting-transparent-and-actionable-clinical-practice-guidelines-viewpoint-from-the-national-quality-measures-clearinghousenational-guideline-clearinghouse-nqmcngc-editorial-board'}, {'datetime': '2018-06-09T10:49:56Z', 'uri': 'http://web.archive.org/web/20180609104956/https://www.qualitymeasures.ahrq.gov/expert/expert-commentary/24555/promoting-transparent-and-actionable-clinical-practice-guidelines-viewpoint-from-the-national-quality-measures-clearinghousenational-guideline-clearinghouse-nqmcngc-editorial-board'}, {'datetime': '2018-06-20T17:40:12Z', 'uri': 'http://web.archive.org/web/20180620174012/https://www.qualitymeasures.ahrq.gov/expert/expert-commentary/24555/promoting-transparent-and-actionable-clinical-practice-guidelines-viewpoint-from-the-national-quality-measures-clearinghousenational-guideline-clearinghouse-nqmcngc-editorial-board'}]
https://qualitymeasures.ahrq.gov/expert/expert-commentary/25658/pay-for-performance-in-uk-general-practice---the-ambiguous-impact-of-the-quality-and-outcomes-framework	ARCHIVED	7 mementos	[{'datetime': '2016-12-29T19:57:36Z', 'uri': 'http://web.archive.org/web/20161229195736/https://qualitymeasures.ahrq.gov/expert/expert-commentary/25658/pay-for-performance-in-uk-general-practice---the-ambiguous-impact-of-the-quality-and-outcomes-framework'}, {'datetime': '2017-04-27T10:10:10Z', 'uri': 'http://web.archive.org/web/20170427101010/https://qualitymeasures.ahrq.gov/expert/expert-commentary/25658/pay-for-performance-in-uk-general-practice---the-ambiguous-impact-of-the-quality-and-outcomes-framework'}, {'datetime': '2017-06-13T17:07:52Z', 'uri': 'http://web.archive.org/web/20170613170752/https://qualitymeasures.ahrq.gov/expert/expert-commentary/25658/pay-for-performance-in-uk-general-practice---the-ambiguous-impact-of-the-quality-and-outcomes-framework'}, {'datetime': '2017-06-30T02:32:25Z', 'uri': 'http://web.archive.org/web/20170630023225/https://qualitymeasures.ahrq.gov/expert/expert-commentary/25658/pay-for-performance-in-uk-general-practice---the-ambiguous-impact-of-the-quality-and-outcomes-framework'}, {'datetime': '2017-07-12T03:47:26Z', 'uri': 'http://web.archive.org/web/20170712034726/https://www.qualitymeasures.ahrq.gov/expert/expert-commentary/25658/pay-for-performance-in-uk-general-practice---the-ambiguous-impact-of-the-quality-and-outcomes-framework'}, {'datetime': '2018-06-09T10:49:49Z', 'uri': 'http://web.archive.org/web/20180609104949/https://www.qualitymeasures.ahrq.gov/expert/expert-commentary/25658/pay-for-performance-in-uk-general-practice---the-ambiguous-impact-of-the-quality-and-outcomes-framework'}, {'datetime': '2018-06-20T17:40:12Z', 'uri': 'http://web.archive.org/web/20180620174012/https://www.qualitymeasures.ahrq.gov/expert/expert-commentary/25658/pay-for-performance-in-uk-general-practice---the-ambiguous-impact-of-the-quality-and-outcomes-framework'}]
https://qualitymeasures.ahrq.gov/expert/expert-commentary/32476/improving-ambulatory-quality-of-care---lessons-from-payforperformance	ARCHIVED	7 mementos	[{'datetime': '2016-12-29T19:57:04Z', 'uri': 'http://web.archive.org/web/20161229195704/https://qualitymeasures.ahrq.gov/expert/expert-commentary/32476/improving-ambulatory-quality-of-care---lessons-from-payforperformance'}, {'datetime': '2017-04-27T10:09:11Z', 'uri': 'http://web.archive.org/web/20170427100911/https://qualitymeasures.ahrq.gov/expert/expert-commentary/32476/improving-ambulatory-quality-of-care---lessons-from-payforperformance'}, {'datetime': '2017-06-13T17:10:00Z', 'uri': 'http://web.archive.org/web/20170613171000/https://qualitymeasures.ahrq.gov/expert/expert-commentary/32476/improving-ambulatory-quality-of-care---lessons-from-payforperformance'}, {'datetime': '2017-06-30T02:32:11Z', 'uri': 'http://web.archive.org/web/20170630023211/https://qualitymeasures.ahrq.gov/expert/expert-commentary/32476/improving-ambulatory-quality-of-care---lessons-from-payforperformance'}, {'datetime': '2017-07-12T03:46:37Z', 'uri': 'http://web.archive.org/web/20170712034637/https://www.qualitymeasures.ahrq.gov/expert/expert-commentary/32476/improving-ambulatory-quality-of-care---lessons-from-payforperformance'}, {'datetime': '2018-06-09T10:49:54Z', 'uri': 'http://web.archive.org/web/20180609104954/https://www.qualitymeasures.ahrq.gov/expert/expert-commentary/32476/improving-ambulatory-quality-of-care---lessons-from-payforperformance'}, {'datetime': '2018-06-20T17:40:08Z', 'uri': 'http://web.archive.org/web/20180620174008/https://www.qualitymeasures.ahrq.gov/expert/expert-commentary/32476/improving-ambulatory-quality-of-care---lessons-from-payforperformance'}]
https://qualitymeasures.ahrq.gov/expert/expert-commentary/32943/introduction-to-lean-and-six-sigma-approaches-to-quality-improvement	ARCHIVED	7 mementos	[{'datetime': '2016-12-29T19:56:29Z', 'uri': 'http://web.archive.org/web/20161229195629/https://qualitymeasures.ahrq.gov/expert/expert-commentary/32943/introduction-to-lean-and-six-sigma-approaches-to-quality-improvement'}, {'datetime': '2017-04-27T10:08:47Z', 'uri': 'http://web.archive.org/web/20170427100847/https://qualitymeasures.ahrq.gov/expert/expert-commentary/32943/introduction-to-lean-and-six-sigma-approaches-to-quality-improvement'}, {'datetime': '2017-06-13T17:05:56Z', 'uri': 'http://web.archive.org/web/20170613170556/https://qualitymeasures.ahrq.gov/expert/expert-commentary/32943/introduction-to-lean-and-six-sigma-approaches-to-quality-improvement'}, {'datetime': '2017-06-30T02:31:54Z', 'uri': 'http://web.archive.org/web/20170630023154/https://qualitymeasures.ahrq.gov/expert/expert-commentary/32943/introduction-to-lean-and-six-sigma-approaches-to-quality-improvement'}, {'datetime': '2017-07-12T03:45:23Z', 'uri': 'http://web.archive.org/web/20170712034523/https://www.qualitymeasures.ahrq.gov/expert/expert-commentary/32943/introduction-to-lean-and-six-sigma-approaches-to-quality-improvement'}, {'datetime': '2018-06-09T10:50:00Z', 'uri': 'http://web.archive.org/web/20180609105000/https://www.qualitymeasures.ahrq.gov/expert/expert-commentary/32943/introduction-to-lean-and-six-sigma-approaches-to-quality-improvement'}, {'datetime': '2018-06-20T17:40:08Z', 'uri': 'http://web.archive.org/web/20180620174008/https://www.qualitymeasures.ahrq.gov/expert/expert-commentary/32943/introduction-to-lean-and-six-sigma-approaches-to-quality-improvement'}]
https://qualitymeasures.ahrq.gov/expert/expert-commentary/34158/home-is-where-the-laboratory-is-the-pcmh-as-a-laboratory-for-performance-measure-development	ARCHIVED	6 mementos	[{'datetime': '2016-12-29T19:56:15Z', 'uri': 'http://web.archive.org/web/20161229195615/https://qualitymeasures.ahrq.gov/expert/expert-commentary/34158/home-is-where-the-laboratory-is-the-pcmh-as-a-laboratory-for-performance-measure-development'}, {'datetime': '2017-04-27T10:08:26Z', 'uri': 'http://web.archive.org/web/20170427100826/https://qualitymeasures.ahrq.gov/expert/expert-commentary/34158/home-is-where-the-laboratory-is-the-pcmh-as-a-laboratory-for-performance-measure-development'}, {'datetime': '2017-06-30T02:31:41Z', 'uri': 'http://web.archive.org/web/20170630023141/https://qualitymeasures.ahrq.gov/expert/expert-commentary/34158/home-is-where-the-laboratory-is-the-pcmh-as-a-laboratory-for-performance-measure-development'}, {'datetime': '2017-07-12T03:44:23Z', 'uri': 'http://web.archive.org/web/20170712034423/https://www.qualitymeasures.ahrq.gov/expert/expert-commentary/34158/home-is-where-the-laboratory-is-the-pcmh-as-a-laboratory-for-performance-measure-development'}, {'datetime': '2018-06-09T10:49:48Z', 'uri': 'http://web.archive.org/web/20180609104948/https://www.qualitymeasures.ahrq.gov/expert/expert-commentary/34158/home-is-where-the-laboratory-is-the-pcmh-as-a-laboratory-for-performance-measure-development'}, {'datetime': '2018-06-20T17:40:09Z', 'uri': 'http://web.archive.org/web/20180620174009/https://www.qualitymeasures.ahrq.gov/expert/expert-commentary/34158/home-is-where-the-laboratory-is-the-pcmh-as-a-laboratory-for-performance-measure-development'}]
https://qualitymeasures.ahrq.gov/expert/expert-commentary/34662/performance-measures-for-evaluation-and-quality-improvement-in-the-care-of-individuals-with-a-first-episode-psychosis	ARCHIVED	7 mementos	[{'datetime': '2016-12-29T19:55:41Z', 'uri': 'http://web.archive.org/web/20161229195541/https://qualitymeasures.ahrq.gov/expert/expert-commentary/34662/performance-measures-for-evaluation-and-quality-improvement-in-the-care-of-individuals-with-a-first-episode-psychosis'}, {'datetime': '2017-04-27T10:08:03Z', 'uri': 'http://web.archive.org/web/20170427100803/https://qualitymeasures.ahrq.gov/expert/expert-commentary/34662/performance-measures-for-evaluation-and-quality-improvement-in-the-care-of-individuals-with-a-first-episode-psychosis'}, {'datetime': '2017-06-13T16:01:36Z', 'uri': 'http://web.archive.org/web/20170613160136/https://qualitymeasures.ahrq.gov/expert/expert-commentary/34662/performance-measures-for-evaluation-and-quality-improvement-in-the-care-of-individuals-with-a-first-episode-psychosis'}, {'datetime': '2017-06-30T02:31:27Z', 'uri': 'http://web.archive.org/web/20170630023127/https://qualitymeasures.ahrq.gov/expert/expert-commentary/34662/performance-measures-for-evaluation-and-quality-improvement-in-the-care-of-individuals-with-a-first-episode-psychosis'}, {'datetime': '2017-07-12T03:43:08Z', 'uri': 'http://web.archive.org/web/20170712034308/https://www.qualitymeasures.ahrq.gov/expert/expert-commentary/34662/performance-measures-for-evaluation-and-quality-improvement-in-the-care-of-individuals-with-a-first-episode-psychosis'}, {'datetime': '2018-06-09T10:49:51Z', 'uri': 'http://web.archive.org/web/20180609104951/https://www.qualitymeasures.ahrq.gov/expert/expert-commentary/34662/performance-measures-for-evaluation-and-quality-improvement-in-the-care-of-individuals-with-a-first-episode-psychosis'}, {'datetime': '2018-06-20T17:40:11Z', 'uri': 'http://web.archive.org/web/20180620174011/https://www.qualitymeasures.ahrq.gov/expert/expert-commentary/34662/performance-measures-for-evaluation-and-quality-improvement-in-the-care-of-individuals-with-a-first-episode-psychosis'}]
https://qualitymeasures.ahrq.gov/expert/expert-commentary/34982/value-of-the-national-databases-it-all-depends-on-how-we-use-them	ARCHIVED	7 mementos	[{'datetime': '2016-12-29T19:55:20Z', 'uri': 'http://web.archive.org/web/20161229195520/https://qualitymeasures.ahrq.gov/expert/expert-commentary/34982/value-of-the-national-databases-it-all-depends-on-how-we-use-them'}, {'datetime': '2017-04-27T10:07:05Z', 'uri': 'http://web.archive.org/web/20170427100705/https://qualitymeasures.ahrq.gov/expert/expert-commentary/34982/value-of-the-national-databases-it-all-depends-on-how-we-use-them'}, {'datetime': '2017-06-13T15:02:01Z', 'uri': 'http://web.archive.org/web/20170613150201/https://qualitymeasures.ahrq.gov/expert/expert-commentary/34982/value-of-the-national-databases-it-all-depends-on-how-we-use-them'}, {'datetime': '2017-06-30T02:31:13Z', 'uri': 'http://web.archive.org/web/20170630023113/https://qualitymeasures.ahrq.gov/expert/expert-commentary/34982/value-of-the-national-databases-it-all-depends-on-how-we-use-them'}, {'datetime': '2017-07-12T03:42:04Z', 'uri': 'http://web.archive.org/web/20170712034204/https://www.qualitymeasures.ahrq.gov/expert/expert-commentary/34982/value-of-the-national-databases-it-all-depends-on-how-we-use-them'}, {'datetime': '2018-06-09T10:49:58Z', 'uri': 'http://web.archive.org/web/20180609104958/https://www.qualitymeasures.ahrq.gov/expert/expert-commentary/34982/value-of-the-national-databases-it-all-depends-on-how-we-use-them'}, {'datetime': '2018-06-20T17:40:05Z', 'uri': 'http://web.archive.org/web/20180620174005/https://www.qualitymeasures.ahrq.gov/expert/expert-commentary/34982/value-of-the-national-databases-it-all-depends-on-how-we-use-them'}]
https://qualitymeasures.ahrq.gov/expert/expert-commentary/35106/consensusbased-selection-criteria-for-accountability-measures-viewpoint-from-the-national-quality-measures-clearinghousenational-guideline-clearinghouse-editorial-board	ARCHIVED	7 mementos	[{'datetime': '2016-12-29T19:54:51Z', 'uri': 'http://web.archive.org/web/20161229195451/https://qualitymeasures.ahrq.gov/expert/expert-commentary/35106/consensusbased-selection-criteria-for-accountability-measures-viewpoint-from-the-national-quality-measures-clearinghousenational-guideline-clearinghouse-editorial-board'}, {'datetime': '2017-04-27T10:06:41Z', 'uri': 'http://web.archive.org/web/20170427100641/https://qualitymeasures.ahrq.gov/expert/expert-commentary/35106/consensusbased-selection-criteria-for-accountability-measures-viewpoint-from-the-national-quality-measures-clearinghousenational-guideline-clearinghouse-editorial-board'}, {'datetime': '2017-06-13T17:04:15Z', 'uri': 'http://web.archive.org/web/20170613170415/https://qualitymeasures.ahrq.gov/expert/expert-commentary/35106/consensusbased-selection-criteria-for-accountability-measures-viewpoint-from-the-national-quality-measures-clearinghousenational-guideline-clearinghouse-editorial-board'}, {'datetime': '2017-06-30T02:30:56Z', 'uri': 'http://web.archive.org/web/20170630023056/https://qualitymeasures.ahrq.gov/expert/expert-commentary/35106/consensusbased-selection-criteria-for-accountability-measures-viewpoint-from-the-national-quality-measures-clearinghousenational-guideline-clearinghouse-editorial-board'}, {'datetime': '2017-07-12T03:41:02Z', 'uri': 'http://web.archive.org/web/20170712034102/https://www.qualitymeasures.ahrq.gov/expert/expert-commentary/35106/consensusbased-selection-criteria-for-accountability-measures-viewpoint-from-the-national-quality-measures-clearinghousenational-guideline-clearinghouse-editorial-board'}, {'datetime': '2018-06-09T10:49:53Z', 'uri': 'http://web.archive.org/web/20180609104953/https://www.qualitymeasures.ahrq.gov/expert/expert-commentary/35106/consensusbased-selection-criteria-for-accountability-measures-viewpoint-from-the-national-quality-measures-clearinghousenational-guideline-clearinghouse-editorial-board'}, {'datetime': '2018-06-20T17:40:05Z', 'uri': 'http://web.archive.org/web/20180620174005/https://www.qualitymeasures.ahrq.gov/expert/expert-commentary/35106/consensusbased-selection-criteria-for-accountability-measures-viewpoint-from-the-national-quality-measures-clearinghousenational-guideline-clearinghouse-editorial-board'}]
https://qualitymeasures.ahrq.gov/expert/expert-commentary/36833/advancing-the-quality-of-pancreatic-cancer-care	ARCHIVED	7 mementos	[{'datetime': '2016-12-29T19:54:17Z', 'uri': 'http://web.archive.org/web/20161229195417/https://qualitymeasures.ahrq.gov/expert/expert-commentary/36833/advancing-the-quality-of-pancreatic-cancer-care'}, {'datetime': '2017-04-27T10:06:22Z', 'uri': 'http://web.archive.org/web/20170427100622/https://qualitymeasures.ahrq.gov/expert/expert-commentary/36833/advancing-the-quality-of-pancreatic-cancer-care'}, {'datetime': '2017-06-13T16:48:52Z', 'uri': 'http://web.archive.org/web/20170613164852/https://qualitymeasures.ahrq.gov/expert/expert-commentary/36833/advancing-the-quality-of-pancreatic-cancer-care'}, {'datetime': '2017-06-30T02:30:41Z', 'uri': 'http://web.archive.org/web/20170630023041/https://qualitymeasures.ahrq.gov/expert/expert-commentary/36833/advancing-the-quality-of-pancreatic-cancer-care'}, {'datetime': '2017-07-12T03:39:58Z', 'uri': 'http://web.archive.org/web/20170712033958/https://www.qualitymeasures.ahrq.gov/expert/expert-commentary/36833/advancing-the-quality-of-pancreatic-cancer-care'}, {'datetime': '2018-06-09T10:49:48Z', 'uri': 'http://web.archive.org/web/20180609104948/https://www.qualitymeasures.ahrq.gov/expert/expert-commentary/36833/advancing-the-quality-of-pancreatic-cancer-care'}, {'datetime': '2018-06-20T17:40:04Z', 'uri': 'http://web.archive.org/web/20180620174004/https://www.qualitymeasures.ahrq.gov/expert/expert-commentary/36833/advancing-the-quality-of-pancreatic-cancer-care'}]
https://qualitymeasures.ahrq.gov/expert/expert-commentary/36851/quality-measures-patientreported-outcomes-for-quality-improvement-of-clinical-practice	ARCHIVED	7 mementos	[{'datetime': '2016-12-29T19:53:42Z', 'uri': 'http://web.archive.org/web/20161229195342/https://qualitymeasures.ahrq.gov/expert/expert-commentary/36851/quality-measures-patientreported-outcomes-for-quality-improvement-of-clinical-practice'}, {'datetime': '2017-04-27T10:05:54Z', 'uri': 'http://web.archive.org/web/20170427100554/https://qualitymeasures.ahrq.gov/expert/expert-commentary/36851/quality-measures-patientreported-outcomes-for-quality-improvement-of-clinical-practice'}, {'datetime': '2017-06-13T13:51:44Z', 'uri': 'http://web.archive.org/web/20170613135144/https://qualitymeasures.ahrq.gov/expert/expert-commentary/36851/quality-measures-patientreported-outcomes-for-quality-improvement-of-clinical-practice'}, {'datetime': '2017-06-30T02:30:28Z', 'uri': 'http://web.archive.org/web/20170630023028/https://qualitymeasures.ahrq.gov/expert/expert-commentary/36851/quality-measures-patientreported-outcomes-for-quality-improvement-of-clinical-practice'}, {'datetime': '2017-07-12T03:39:46Z', 'uri': 'http://web.archive.org/web/20170712033946/https://www.qualitymeasures.ahrq.gov/expert/expert-commentary/36851/quality-measures-patientreported-outcomes-for-quality-improvement-of-clinical-practice'}, {'datetime': '2018-06-09T10:49:52Z', 'uri': 'http://web.archive.org/web/20180609104952/https://www.qualitymeasures.ahrq.gov/expert/expert-commentary/36851/quality-measures-patientreported-outcomes-for-quality-improvement-of-clinical-practice'}, {'datetime': '2018-06-20T17:39:58Z', 'uri': 'http://web.archive.org/web/20180620173958/https://www.qualitymeasures.ahrq.gov/expert/expert-commentary/36851/quality-measures-patientreported-outcomes-for-quality-improvement-of-clinical-practice'}]
https://qualitymeasures.ahrq.gov/expert/expert-commentary/37562/eliminating-hospital-readmissions-no-hospital-left-behind	ARCHIVED	7 mementos	[{'datetime': '2016-12-29T19:53:12Z', 'uri': 'http://web.archive.org/web/20161229195312/https://qualitymeasures.ahrq.gov/expert/expert-commentary/37562/eliminating-hospital-readmissions-no-hospital-left-behind'}, {'datetime': '2017-04-27T10:05:17Z', 'uri': 'http://web.archive.org/web/20170427100517/https://qualitymeasures.ahrq.gov/expert/expert-commentary/37562/eliminating-hospital-readmissions-no-hospital-left-behind'}, {'datetime': '2017-06-13T16:45:54Z', 'uri': 'http://web.archive.org/web/20170613164554/https://qualitymeasures.ahrq.gov/expert/expert-commentary/37562/eliminating-hospital-readmissions-no-hospital-left-behind'}, {'datetime': '2017-06-30T02:30:16Z', 'uri': 'http://web.archive.org/web/20170630023016/https://qualitymeasures.ahrq.gov/expert/expert-commentary/37562/eliminating-hospital-readmissions-no-hospital-left-behind'}, {'datetime': '2017-07-12T03:39:11Z', 'uri': 'http://web.archive.org/web/20170712033911/https://www.qualitymeasures.ahrq.gov/expert/expert-commentary/37562/eliminating-hospital-readmissions-no-hospital-left-behind'}, {'datetime': '2018-06-09T10:49:57Z', 'uri': 'http://web.archive.org/web/20180609104957/https://www.qualitymeasures.ahrq.gov/expert/expert-commentary/37562/eliminating-hospital-readmissions-no-hospital-left-behind'}, {'datetime': '2018-06-20T17:40:06Z', 'uri': 'http://web.archive.org/web/20180620174006/https://www.qualitymeasures.ahrq.gov/expert/expert-commentary/37562/eliminating-hospital-readmissions-no-hospital-left-behind'}]
https://qualitymeasures.ahrq.gov/expert/expert-commentary/38616/importance-of-quality-metrics-for-providing-high-quality-melanoma-care	ARCHIVED	7 mementos	[{'datetime': '2016-12-29T19:52:57Z', 'uri': 'http://web.archive.org/web/20161229195257/https://qualitymeasures.ahrq.gov/expert/expert-commentary/38616/importance-of-quality-metrics-for-providing-high-quality-melanoma-care'}, {'datetime': '2017-04-27T09:57:46Z', 'uri': 'http://web.archive.org/web/20170427095746/https://qualitymeasures.ahrq.gov/expert/expert-commentary/38616/importance-of-quality-metrics-for-providing-high-quality-melanoma-care'}, {'datetime': '2017-06-13T17:18:51Z', 'uri': 'http://web.archive.org/web/20170613171851/https://qualitymeasures.ahrq.gov/expert/expert-commentary/38616/importance-of-quality-metrics-for-providing-high-quality-melanoma-care'}, {'datetime': '2017-06-30T02:30:03Z', 'uri': 'http://web.archive.org/web/20170630023003/https://qualitymeasures.ahrq.gov/expert/expert-commentary/38616/importance-of-quality-metrics-for-providing-high-quality-melanoma-care'}, {'datetime': '2017-07-12T03:38:08Z', 'uri': 'http://web.archive.org/web/20170712033808/https://www.qualitymeasures.ahrq.gov/expert/expert-commentary/38616/importance-of-quality-metrics-for-providing-high-quality-melanoma-care'}, {'datetime': '2018-06-09T10:49:50Z', 'uri': 'http://web.archive.org/web/20180609104950/https://www.qualitymeasures.ahrq.gov/expert/expert-commentary/38616/importance-of-quality-metrics-for-providing-high-quality-melanoma-care'}, {'datetime': '2018-06-20T17:40:00Z', 'uri': 'http://web.archive.org/web/20180620174000/https://www.qualitymeasures.ahrq.gov/expert/expert-commentary/38616/importance-of-quality-metrics-for-providing-high-quality-melanoma-care'}]
https://qualitymeasures.ahrq.gov/expert/expert-commentary/43902/treat-the-system-not-the-error-patient-safety-in-2013	ARCHIVED	7 mementos	[{'datetime': '2016-12-29T19:52:25Z', 'uri': 'http://web.archive.org/web/20161229195225/https://qualitymeasures.ahrq.gov/expert/expert-commentary/43902/treat-the-system-not-the-error-patient-safety-in-2013'}, {'datetime': '2017-04-27T09:57:26Z', 'uri': 'http://web.archive.org/web/20170427095726/https://qualitymeasures.ahrq.gov/expert/expert-commentary/43902/treat-the-system-not-the-error-patient-safety-in-2013'}, {'datetime': '2017-06-13T16:39:27Z', 'uri': 'http://web.archive.org/web/20170613163927/https://qualitymeasures.ahrq.gov/expert/expert-commentary/43902/treat-the-system-not-the-error-patient-safety-in-2013'}, {'datetime': '2017-06-30T02:29:43Z', 'uri': 'http://web.archive.org/web/20170630022943/https://qualitymeasures.ahrq.gov/expert/expert-commentary/43902/treat-the-system-not-the-error-patient-safety-in-2013'}, {'datetime': '2017-07-12T03:37:34Z', 'uri': 'http://web.archive.org/web/20170712033734/https://www.qualitymeasures.ahrq.gov/expert/expert-commentary/43902/treat-the-system-not-the-error-patient-safety-in-2013'}, {'datetime': '2018-06-09T10:49:50Z', 'uri': 'http://web.archive.org/web/20180609104950/https://www.qualitymeasures.ahrq.gov/expert/expert-commentary/43902/treat-the-system-not-the-error-patient-safety-in-2013'}, {'datetime': '2018-06-20T17:40:10Z', 'uri': 'http://web.archive.org/web/20180620174010/https://www.qualitymeasures.ahrq.gov/expert/expert-commentary/43902/treat-the-system-not-the-error-patient-safety-in-2013'}]
https://qualitymeasures.ahrq.gov/expert/expert-commentary/45026/the-joint-commissions-asthma-care-measure-set-how-does-it-measure-up	ARCHIVED	6 mementos	[{'datetime': '2016-12-29T19:51:59Z', 'uri': 'http://web.archive.org/web/20161229195159/https://qualitymeasures.ahrq.gov/expert/expert-commentary/45026/the-joint-commissions-asthma-care-measure-set-how-does-it-measure-up'}, {'datetime': '2017-04-27T09:50:55Z', 'uri': 'http://web.archive.org/web/20170427095055/https://qualitymeasures.ahrq.gov/expert/expert-commentary/45026/the-joint-commissions-asthma-care-measure-set-how-does-it-measure-up'}, {'datetime': '2017-06-30T02:29:27Z', 'uri': 'http://web.archive.org/web/20170630022927/https://qualitymeasures.ahrq.gov/expert/expert-commentary/45026/the-joint-commissions-asthma-care-measure-set-how-does-it-measure-up'}, {'datetime': '2017-07-12T03:37:17Z', 'uri': 'http://web.archive.org/web/20170712033717/https://www.qualitymeasures.ahrq.gov/expert/expert-commentary/45026/the-joint-commissions-asthma-care-measure-set-how-does-it-measure-up'}, {'datetime': '2018-06-09T10:49:55Z', 'uri': 'http://web.archive.org/web/20180609104955/https://www.qualitymeasures.ahrq.gov/expert/expert-commentary/45026/the-joint-commissions-asthma-care-measure-set-how-does-it-measure-up'}, {'datetime': '2018-06-20T17:39:58Z', 'uri': 'http://web.archive.org/web/20180620173958/https://www.qualitymeasures.ahrq.gov/expert/expert-commentary/45026/the-joint-commissions-asthma-care-measure-set-how-does-it-measure-up'}]
https://qualitymeasures.ahrq.gov/expert/expert-commentary/46724/ngc-and-nqmc-survey-responses-generate-enhancement-and-growth	ARCHIVED	7 mementos	[{'datetime': '2016-12-29T19:50:50Z', 'uri': 'http://web.archive.org/web/20161229195050/https://qualitymeasures.ahrq.gov/expert/expert-commentary/46724/ngc-and-nqmc-survey-responses-generate-enhancement-and-growth'}, {'datetime': '2017-04-27T09:50:13Z', 'uri': 'http://web.archive.org/web/20170427095013/https://qualitymeasures.ahrq.gov/expert/expert-commentary/46724/ngc-and-nqmc-survey-responses-generate-enhancement-and-growth'}, {'datetime': '2017-06-13T15:24:43Z', 'uri': 'http://web.archive.org/web/20170613152443/https://qualitymeasures.ahrq.gov/expert/expert-commentary/46724/ngc-and-nqmc-survey-responses-generate-enhancement-and-growth'}, {'datetime': '2017-06-30T02:29:07Z', 'uri': 'http://web.archive.org/web/20170630022907/https://qualitymeasures.ahrq.gov/expert/expert-commentary/46724/ngc-and-nqmc-survey-responses-generate-enhancement-and-growth'}, {'datetime': '2017-07-12T03:33:13Z', 'uri': 'http://web.archive.org/web/20170712033313/https://www.qualitymeasures.ahrq.gov/expert/expert-commentary/46724/ngc-and-nqmc-survey-responses-generate-enhancement-and-growth'}, {'datetime': '2018-06-09T10:49:53Z', 'uri': 'http://web.archive.org/web/20180609104953/https://www.qualitymeasures.ahrq.gov/expert/expert-commentary/46724/ngc-and-nqmc-survey-responses-generate-enhancement-and-growth'}, {'datetime': '2018-06-20T17:40:02Z', 'uri': 'http://web.archive.org/web/20180620174002/https://www.qualitymeasures.ahrq.gov/expert/expert-commentary/46724/ngc-and-nqmc-survey-responses-generate-enhancement-and-growth'}]
https://qualitymeasures.ahrq.gov/expert/expert-commentary/46907/measuring-and-comparing-patients-experiences-in-emergency-departments-a-perspective-based-on-englands-national-health-service-nhs-experience	ARCHIVED	7 mementos	[{'datetime': '2016-12-29T19:50:25Z', 'uri': 'http://web.archive.org/web/20161229195025/https://qualitymeasures.ahrq.gov/expert/expert-commentary/46907/measuring-and-comparing-patients-experiences-in-emergency-departments-a-perspective-based-on-englands-national-health-service-nhs-experience'}, {'datetime': '2017-04-27T09:49:41Z', 'uri': 'http://web.archive.org/web/20170427094941/https://qualitymeasures.ahrq.gov/expert/expert-commentary/46907/measuring-and-comparing-patients-experiences-in-emergency-departments-a-perspective-based-on-englands-national-health-service-nhs-experience'}, {'datetime': '2017-06-13T15:02:00Z', 'uri': 'http://web.archive.org/web/20170613150200/https://qualitymeasures.ahrq.gov/expert/expert-commentary/46907/measuring-and-comparing-patients-experiences-in-emergency-departments-a-perspective-based-on-englands-national-health-service-nhs-experience'}, {'datetime': '2017-06-30T02:28:50Z', 'uri': 'http://web.archive.org/web/20170630022850/https://qualitymeasures.ahrq.gov/expert/expert-commentary/46907/measuring-and-comparing-patients-experiences-in-emergency-departments-a-perspective-based-on-englands-national-health-service-nhs-experience'}, {'datetime': '2017-07-12T03:31:11Z', 'uri': 'http://web.archive.org/web/20170712033111/https://www.qualitymeasures.ahrq.gov/expert/expert-commentary/46907/measuring-and-comparing-patients-experiences-in-emergency-departments-a-perspective-based-on-englands-national-health-service-nhs-experience'}, {'datetime': '2018-06-09T10:49:55Z', 'uri': 'http://web.archive.org/web/20180609104955/https://www.qualitymeasures.ahrq.gov/expert/expert-commentary/46907/measuring-and-comparing-patients-experiences-in-emergency-departments-a-perspective-based-on-englands-national-health-service-nhs-experience'}, {'datetime': '2018-06-20T17:40:13Z', 'uri': 'http://web.archive.org/web/20180620174013/https://www.qualitymeasures.ahrq.gov/expert/expert-commentary/46907/measuring-and-comparing-patients-experiences-in-emergency-departments-a-perspective-based-on-englands-national-health-service-nhs-experience'}]
https://qualitymeasures.ahrq.gov/expert/expert-commentary/47059/steps-for-assuring-rigor-and-adequate-patient-representation-when-using-patientreported-outcome-performance-measures	ARCHIVED	7 mementos	[{'datetime': '2016-12-29T19:49:45Z', 'uri': 'http://web.archive.org/web/20161229194945/https://qualitymeasures.ahrq.gov/expert/expert-commentary/47059/steps-for-assuring-rigor-and-adequate-patient-representation-when-using-patientreported-outcome-performance-measures'}, {'datetime': '2017-04-27T09:49:17Z', 'uri': 'http://web.archive.org/web/20170427094917/https://qualitymeasures.ahrq.gov/expert/expert-commentary/47059/steps-for-assuring-rigor-and-adequate-patient-representation-when-using-patientreported-outcome-performance-measures'}, {'datetime': '2017-06-13T15:06:38Z', 'uri': 'http://web.archive.org/web/20170613150638/https://qualitymeasures.ahrq.gov/expert/expert-commentary/47059/steps-for-assuring-rigor-and-adequate-patient-representation-when-using-patientreported-outcome-performance-measures'}, {'datetime': '2017-06-30T02:28:38Z', 'uri': 'http://web.archive.org/web/20170630022838/https://qualitymeasures.ahrq.gov/expert/expert-commentary/47059/steps-for-assuring-rigor-and-adequate-patient-representation-when-using-patientreported-outcome-performance-measures'}, {'datetime': '2017-07-12T03:30:48Z', 'uri': 'http://web.archive.org/web/20170712033048/https://www.qualitymeasures.ahrq.gov/expert/expert-commentary/47059/steps-for-assuring-rigor-and-adequate-patient-representation-when-using-patientreported-outcome-performance-measures'}, {'datetime': '2018-06-09T10:49:53Z', 'uri': 'http://web.archive.org/web/20180609104953/https://www.qualitymeasures.ahrq.gov/expert/expert-commentary/47059/steps-for-assuring-rigor-and-adequate-patient-representation-when-using-patientreported-outcome-performance-measures'}, {'datetime': '2018-06-20T17:40:07Z', 'uri': 'http://web.archive.org/web/20180620174007/https://www.qualitymeasures.ahrq.gov/expert/expert-commentary/47059/steps-for-assuring-rigor-and-adequate-patient-representation-when-using-patientreported-outcome-performance-measures'}]
https://qualitymeasures.ahrq.gov/expert/expert-commentary/47856/medication-administration-errors-in-hospitals---challenges-and-recommendations-for-their-measurement	ARCHIVED	7 mementos	[{'datetime': '2016-12-29T19:49:33Z', 'uri': 'http://web.archive.org/web/20161229194933/https://qualitymeasures.ahrq.gov/expert/expert-commentary/47856/medication-administration-errors-in-hospitals---challenges-and-recommendations-for-their-measurement'}, {'datetime': '2017-04-27T09:48:53Z', 'uri': 'http://web.archive.org/web/20170427094853/https://qualitymeasures.ahrq.gov/expert/expert-commentary/47856/medication-administration-errors-in-hospitals---challenges-and-recommendations-for-their-measurement'}, {'datetime': '2017-06-13T17:18:14Z', 'uri': 'http://web.archive.org/web/20170613171814/https://qualitymeasures.ahrq.gov/expert/expert-commentary/47856/medication-administration-errors-in-hospitals---challenges-and-recommendations-for-their-measurement'}, {'datetime': '2017-06-30T02:28:25Z', 'uri': 'http://web.archive.org/web/20170630022825/https://qualitymeasures.ahrq.gov/expert/expert-commentary/47856/medication-administration-errors-in-hospitals---challenges-and-recommendations-for-their-measurement'}, {'datetime': '2017-07-12T03:29:00Z', 'uri': 'http://web.archive.org/web/20170712032900/https://www.qualitymeasures.ahrq.gov/expert/expert-commentary/47856/medication-administration-errors-in-hospitals---challenges-and-recommendations-for-their-measurement'}, {'datetime': '2018-06-09T10:50:00Z', 'uri': 'http://web.archive.org/web/20180609105000/https://www.qualitymeasures.ahrq.gov/expert/expert-commentary/47856/medication-administration-errors-in-hospitals---challenges-and-recommendations-for-their-measurement'}, {'datetime': '2018-06-20T17:40:04Z', 'uri': 'http://web.archive.org/web/20180620174004/https://www.qualitymeasures.ahrq.gov/expert/expert-commentary/47856/medication-administration-errors-in-hospitals---challenges-and-recommendations-for-their-measurement'}]
https://qualitymeasures.ahrq.gov/expert/expert-commentary/47896/not-just-little-adults-policies-to-support-medical-home-transformation-in-pediatric-practice	ARCHIVED	7 mementos	[{'datetime': '2016-12-29T19:49:17Z', 'uri': 'http://web.archive.org/web/20161229194917/https://qualitymeasures.ahrq.gov/expert/expert-commentary/47896/not-just-little-adults-policies-to-support-medical-home-transformation-in-pediatric-practice'}, {'datetime': '2017-04-27T09:48:24Z', 'uri': 'http://web.archive.org/web/20170427094824/https://qualitymeasures.ahrq.gov/expert/expert-commentary/47896/not-just-little-adults-policies-to-support-medical-home-transformation-in-pediatric-practice'}, {'datetime': '2017-06-13T17:10:55Z', 'uri': 'http://web.archive.org/web/20170613171055/https://qualitymeasures.ahrq.gov/expert/expert-commentary/47896/not-just-little-adults-policies-to-support-medical-home-transformation-in-pediatric-practice'}, {'datetime': '2017-06-30T02:28:10Z', 'uri': 'http://web.archive.org/web/20170630022810/https://qualitymeasures.ahrq.gov/expert/expert-commentary/47896/not-just-little-adults-policies-to-support-medical-home-transformation-in-pediatric-practice'}, {'datetime': '2017-07-12T03:28:12Z', 'uri': 'http://web.archive.org/web/20170712032812/https://www.qualitymeasures.ahrq.gov/expert/expert-commentary/47896/not-just-little-adults-policies-to-support-medical-home-transformation-in-pediatric-practice'}, {'datetime': '2018-06-09T10:50:00Z', 'uri': 'http://web.archive.org/web/20180609105000/https://www.qualitymeasures.ahrq.gov/expert/expert-commentary/47896/not-just-little-adults-policies-to-support-medical-home-transformation-in-pediatric-practice'}, {'datetime': '2018-06-20T17:40:14Z', 'uri': 'http://web.archive.org/web/20180620174014/https://www.qualitymeasures.ahrq.gov/expert/expert-commentary/47896/not-just-little-adults-policies-to-support-medical-home-transformation-in-pediatric-practice'}]
https://qualitymeasures.ahrq.gov/expert/expert-commentary/47906/not-just-little-adults-considerations-for-quality-measures-of-child-health-care	ARCHIVED	7 mementos	[{'datetime': '2016-12-29T19:48:51Z', 'uri': 'http://web.archive.org/web/20161229194851/https://qualitymeasures.ahrq.gov/expert/expert-commentary/47906/not-just-little-adults-considerations-for-quality-measures-of-child-health-care'}, {'datetime': '2017-04-27T09:47:43Z', 'uri': 'http://web.archive.org/web/20170427094743/https://qualitymeasures.ahrq.gov/expert/expert-commentary/47906/not-just-little-adults-considerations-for-quality-measures-of-child-health-care'}, {'datetime': '2017-06-13T15:24:17Z', 'uri': 'http://web.archive.org/web/20170613152417/https://qualitymeasures.ahrq.gov/expert/expert-commentary/47906/not-just-little-adults-considerations-for-quality-measures-of-child-health-care'}, {'datetime': '2017-06-30T02:27:53Z', 'uri': 'http://web.archive.org/web/20170630022753/https://qualitymeasures.ahrq.gov/expert/expert-commentary/47906/not-just-little-adults-considerations-for-quality-measures-of-child-health-care'}, {'datetime': '2017-07-12T03:27:33Z', 'uri': 'http://web.archive.org/web/20170712032733/https://www.qualitymeasures.ahrq.gov/expert/expert-commentary/47906/not-just-little-adults-considerations-for-quality-measures-of-child-health-care'}, {'datetime': '2018-06-09T10:49:57Z', 'uri': 'http://web.archive.org/web/20180609104957/https://www.qualitymeasures.ahrq.gov/expert/expert-commentary/47906/not-just-little-adults-considerations-for-quality-measures-of-child-health-care'}, {'datetime': '2018-06-20T17:40:14Z', 'uri': 'http://web.archive.org/web/20180620174014/https://www.qualitymeasures.ahrq.gov/expert/expert-commentary/47906/not-just-little-adults-considerations-for-quality-measures-of-child-health-care'}]
https://qualitymeasures.ahrq.gov/expert/expert-commentary/47908/prospects-for-comparing-hospital-performance-internationally-on-the-basis-of-quality-and-safety	ARCHIVED	7 mementos	[{'datetime': '2016-12-29T19:48:32Z', 'uri': 'http://web.archive.org/web/20161229194832/https://qualitymeasures.ahrq.gov/expert/expert-commentary/47908/prospects-for-comparing-hospital-performance-internationally-on-the-basis-of-quality-and-safety'}, {'datetime': '2017-04-27T09:47:27Z', 'uri': 'http://web.archive.org/web/20170427094727/https://qualitymeasures.ahrq.gov/expert/expert-commentary/47908/prospects-for-comparing-hospital-performance-internationally-on-the-basis-of-quality-and-safety'}, {'datetime': '2017-06-13T16:48:55Z', 'uri': 'http://web.archive.org/web/20170613164855/https://qualitymeasures.ahrq.gov/expert/expert-commentary/47908/prospects-for-comparing-hospital-performance-internationally-on-the-basis-of-quality-and-safety'}, {'datetime': '2017-06-30T02:27:39Z', 'uri': 'http://web.archive.org/web/20170630022739/https://qualitymeasures.ahrq.gov/expert/expert-commentary/47908/prospects-for-comparing-hospital-performance-internationally-on-the-basis-of-quality-and-safety'}, {'datetime': '2017-07-12T03:26:16Z', 'uri': 'http://web.archive.org/web/20170712032616/https://www.qualitymeasures.ahrq.gov/expert/expert-commentary/47908/prospects-for-comparing-hospital-performance-internationally-on-the-basis-of-quality-and-safety'}, {'datetime': '2018-06-09T10:49:57Z', 'uri': 'http://web.archive.org/web/20180609104957/https://www.qualitymeasures.ahrq.gov/expert/expert-commentary/47908/prospects-for-comparing-hospital-performance-internationally-on-the-basis-of-quality-and-safety'}, {'datetime': '2018-06-20T17:40:06Z', 'uri': 'http://web.archive.org/web/20180620174006/https://www.qualitymeasures.ahrq.gov/expert/expert-commentary/47908/prospects-for-comparing-hospital-performance-internationally-on-the-basis-of-quality-and-safety'}]
https://qualitymeasures.ahrq.gov/expert/expert-commentary/47927/making-clinical-diagnoses-how-measureable-is-the-process	ARCHIVED	7 mementos	[{'datetime': '2016-12-29T19:47:22Z', 'uri': 'http://web.archive.org/web/20161229194722/https://qualitymeasures.ahrq.gov/expert/expert-commentary/47927/making-clinical-diagnoses-how-measureable-is-the-process'}, {'datetime': '2017-04-27T09:46:58Z', 'uri': 'http://web.archive.org/web/20170427094658/https://qualitymeasures.ahrq.gov/expert/expert-commentary/47927/making-clinical-diagnoses-how-measureable-is-the-process'}, {'datetime': '2017-06-13T16:50:52Z', 'uri': 'http://web.archive.org/web/20170613165052/https://qualitymeasures.ahrq.gov/expert/expert-commentary/47927/making-clinical-diagnoses-how-measureable-is-the-process'}, {'datetime': '2017-06-30T02:27:27Z', 'uri': 'http://web.archive.org/web/20170630022727/https://qualitymeasures.ahrq.gov/expert/expert-commentary/47927/making-clinical-diagnoses-how-measureable-is-the-process'}, {'datetime': '2017-07-12T03:25:42Z', 'uri': 'http://web.archive.org/web/20170712032542/https://www.qualitymeasures.ahrq.gov/expert/expert-commentary/47927/making-clinical-diagnoses-how-measureable-is-the-process'}, {'datetime': '2018-06-09T10:49:55Z', 'uri': 'http://web.archive.org/web/20180609104955/https://www.qualitymeasures.ahrq.gov/expert/expert-commentary/47927/making-clinical-diagnoses-how-measureable-is-the-process'}, {'datetime': '2018-06-20T17:40:10Z', 'uri': 'http://web.archive.org/web/20180620174010/https://www.qualitymeasures.ahrq.gov/expert/expert-commentary/47927/making-clinical-diagnoses-how-measureable-is-the-process'}]
https://qualitymeasures.ahrq.gov/expert/expert-commentary/48933/clinician-responses-to-using-patientreported-outcome-measures-for-quality-improvement	ARCHIVED	7 mementos	[{'datetime': '2016-12-29T19:46:53Z', 'uri': 'http://web.archive.org/web/20161229194653/https://qualitymeasures.ahrq.gov/expert/expert-commentary/48933/clinician-responses-to-using-patientreported-outcome-measures-for-quality-improvement'}, {'datetime': '2017-04-27T09:46:37Z', 'uri': 'http://web.archive.org/web/20170427094637/https://qualitymeasures.ahrq.gov/expert/expert-commentary/48933/clinician-responses-to-using-patientreported-outcome-measures-for-quality-improvement'}, {'datetime': '2017-06-13T15:26:25Z', 'uri': 'http://web.archive.org/web/20170613152625/https://qualitymeasures.ahrq.gov/expert/expert-commentary/48933/clinician-responses-to-using-patientreported-outcome-measures-for-quality-improvement'}, {'datetime': '2017-06-30T02:27:05Z', 'uri': 'http://web.archive.org/web/20170630022705/https://qualitymeasures.ahrq.gov/expert/expert-commentary/48933/clinician-responses-to-using-patientreported-outcome-measures-for-quality-improvement'}, {'datetime': '2017-07-12T03:24:18Z', 'uri': 'http://web.archive.org/web/20170712032418/https://www.qualitymeasures.ahrq.gov/expert/expert-commentary/48933/clinician-responses-to-using-patientreported-outcome-measures-for-quality-improvement'}, {'datetime': '2018-06-09T10:49:49Z', 'uri': 'http://web.archive.org/web/20180609104949/https://www.qualitymeasures.ahrq.gov/expert/expert-commentary/48933/clinician-responses-to-using-patientreported-outcome-measures-for-quality-improvement'}, {'datetime': '2018-06-20T17:40:03Z', 'uri': 'http://web.archive.org/web/20180620174003/https://www.qualitymeasures.ahrq.gov/expert/expert-commentary/48933/clinician-responses-to-using-patientreported-outcome-measures-for-quality-improvement'}]
https://qualitymeasures.ahrq.gov/expert/expert-commentary/48982/challenges-and-opportunities-for-improving-quality-of-care-and-outcomes-for-lupus	ARCHIVED	6 mementos	[{'datetime': '2016-12-29T19:46:14Z', 'uri': 'http://web.archive.org/web/20161229194614/https://qualitymeasures.ahrq.gov/expert/expert-commentary/48982/challenges-and-opportunities-for-improving-quality-of-care-and-outcomes-for-lupus'}, {'datetime': '2017-04-27T09:45:56Z', 'uri': 'http://web.archive.org/web/20170427094556/https://qualitymeasures.ahrq.gov/expert/expert-commentary/48982/challenges-and-opportunities-for-improving-quality-of-care-and-outcomes-for-lupus'}, {'datetime': '2017-06-30T02:26:54Z', 'uri': 'http://web.archive.org/web/20170630022654/https://qualitymeasures.ahrq.gov/expert/expert-commentary/48982/challenges-and-opportunities-for-improving-quality-of-care-and-outcomes-for-lupus'}, {'datetime': '2017-07-12T03:23:19Z', 'uri': 'http://web.archive.org/web/20170712032319/https://www.qualitymeasures.ahrq.gov/expert/expert-commentary/48982/challenges-and-opportunities-for-improving-quality-of-care-and-outcomes-for-lupus'}, {'datetime': '2018-06-09T10:49:51Z', 'uri': 'http://web.archive.org/web/20180609104951/https://www.qualitymeasures.ahrq.gov/expert/expert-commentary/48982/challenges-and-opportunities-for-improving-quality-of-care-and-outcomes-for-lupus'}, {'datetime': '2018-06-20T17:40:14Z', 'uri': 'http://web.archive.org/web/20180620174014/https://www.qualitymeasures.ahrq.gov/expert/expert-commentary/48982/challenges-and-opportunities-for-improving-quality-of-care-and-outcomes-for-lupus'}]
https://qualitymeasures.ahrq.gov/expert/expert-commentary/49125/developing-and-implementing-quality-measures-for-multiple-chronic-conditions	ARCHIVED	7 mementos	[{'datetime': '2016-12-29T19:45:43Z', 'uri': 'http://web.archive.org/web/20161229194543/https://qualitymeasures.ahrq.gov/expert/expert-commentary/49125/developing-and-implementing-quality-measures-for-multiple-chronic-conditions'}, {'datetime': '2017-04-27T09:45:07Z', 'uri': 'http://web.archive.org/web/20170427094507/https://qualitymeasures.ahrq.gov/expert/expert-commentary/49125/developing-and-implementing-quality-measures-for-multiple-chronic-conditions'}, {'datetime': '2017-06-13T15:44:06Z', 'uri': 'http://web.archive.org/web/20170613154406/https://qualitymeasures.ahrq.gov/expert/expert-commentary/49125/developing-and-implementing-quality-measures-for-multiple-chronic-conditions'}, {'datetime': '2017-06-30T02:26:42Z', 'uri': 'http://web.archive.org/web/20170630022642/https://qualitymeasures.ahrq.gov/expert/expert-commentary/49125/developing-and-implementing-quality-measures-for-multiple-chronic-conditions'}, {'datetime': '2017-07-12T03:22:08Z', 'uri': 'http://web.archive.org/web/20170712032208/https://www.qualitymeasures.ahrq.gov/expert/expert-commentary/49125/developing-and-implementing-quality-measures-for-multiple-chronic-conditions'}, {'datetime': '2018-06-09T10:49:54Z', 'uri': 'http://web.archive.org/web/20180609104954/https://www.qualitymeasures.ahrq.gov/expert/expert-commentary/49125/developing-and-implementing-quality-measures-for-multiple-chronic-conditions'}, {'datetime': '2018-06-20T17:39:58Z', 'uri': 'http://web.archive.org/web/20180620173958/https://www.qualitymeasures.ahrq.gov/expert/expert-commentary/49125/developing-and-implementing-quality-measures-for-multiple-chronic-conditions'}]
https://qualitymeasures.ahrq.gov/expert/expert-commentary/49659/measurement-of-diagnostic-errors-is-a-key-first-step-to-their-reduction	ARCHIVED	7 mementos	[{'datetime': '2016-12-29T19:45:24Z', 'uri': 'http://web.archive.org/web/20161229194524/https://qualitymeasures.ahrq.gov/expert/expert-commentary/49659/measurement-of-diagnostic-errors-is-a-key-first-step-to-their-reduction'}, {'datetime': '2017-04-27T09:44:15Z', 'uri': 'http://web.archive.org/web/20170427094415/https://qualitymeasures.ahrq.gov/expert/expert-commentary/49659/measurement-of-diagnostic-errors-is-a-key-first-step-to-their-reduction'}, {'datetime': '2017-06-13T17:19:27Z', 'uri': 'http://web.archive.org/web/20170613171927/https://qualitymeasures.ahrq.gov/expert/expert-commentary/49659/measurement-of-diagnostic-errors-is-a-key-first-step-to-their-reduction'}, {'datetime': '2017-06-30T02:26:29Z', 'uri': 'http://web.archive.org/web/20170630022629/https://qualitymeasures.ahrq.gov/expert/expert-commentary/49659/measurement-of-diagnostic-errors-is-a-key-first-step-to-their-reduction'}, {'datetime': '2017-07-12T03:21:37Z', 'uri': 'http://web.archive.org/web/20170712032137/https://www.qualitymeasures.ahrq.gov/expert/expert-commentary/49659/measurement-of-diagnostic-errors-is-a-key-first-step-to-their-reduction'}, {'datetime': '2018-06-09T10:49:59Z', 'uri': 'http://web.archive.org/web/20180609104959/https://www.qualitymeasures.ahrq.gov/expert/expert-commentary/49659/measurement-of-diagnostic-errors-is-a-key-first-step-to-their-reduction'}, {'datetime': '2018-06-20T17:40:01Z', 'uri': 'http://web.archive.org/web/20180620174001/https://www.qualitymeasures.ahrq.gov/expert/expert-commentary/49659/measurement-of-diagnostic-errors-is-a-key-first-step-to-their-reduction'}]
https://qualitymeasures.ahrq.gov/expert/expert-commentary/50301/measuring-patient-safety-events-opportunities-and-challenges	ARCHIVED	7 mementos	[{'datetime': '2016-12-29T19:45:09Z', 'uri': 'http://web.archive.org/web/20161229194509/https://qualitymeasures.ahrq.gov/expert/expert-commentary/50301/measuring-patient-safety-events-opportunities-and-challenges'}, {'datetime': '2017-04-27T09:43:51Z', 'uri': 'http://web.archive.org/web/20170427094351/https://qualitymeasures.ahrq.gov/expert/expert-commentary/50301/measuring-patient-safety-events-opportunities-and-challenges'}, {'datetime': '2017-06-13T17:06:06Z', 'uri': 'http://web.archive.org/web/20170613170606/https://qualitymeasures.ahrq.gov/expert/expert-commentary/50301/measuring-patient-safety-events-opportunities-and-challenges'}, {'datetime': '2017-06-30T02:26:17Z', 'uri': 'http://web.archive.org/web/20170630022617/https://qualitymeasures.ahrq.gov/expert/expert-commentary/50301/measuring-patient-safety-events-opportunities-and-challenges'}, {'datetime': '2017-07-12T03:20:27Z', 'uri': 'http://web.archive.org/web/20170712032027/https://www.qualitymeasures.ahrq.gov/expert/expert-commentary/50301/measuring-patient-safety-events-opportunities-and-challenges'}, {'datetime': '2018-06-09T10:49:49Z', 'uri': 'http://web.archive.org/web/20180609104949/https://www.qualitymeasures.ahrq.gov/expert/expert-commentary/50301/measuring-patient-safety-events-opportunities-and-challenges'}, {'datetime': '2018-06-20T17:40:13Z', 'uri': 'http://web.archive.org/web/20180620174013/https://www.qualitymeasures.ahrq.gov/expert/expert-commentary/50301/measuring-patient-safety-events-opportunities-and-challenges'}]
https://qualitymeasures.ahrq.gov/expert/expert-commentary/50333/feasibility-of-preventable-readmission-rate-as-a-quality-measure	ARCHIVED	7 mementos	[{'datetime': '2016-12-29T19:44:49Z', 'uri': 'http://web.archive.org/web/20161229194449/https://qualitymeasures.ahrq.gov/expert/expert-commentary/50333/feasibility-of-preventable-readmission-rate-as-a-quality-measure'}, {'datetime': '2017-04-27T09:43:37Z', 'uri': 'http://web.archive.org/web/20170427094337/https://qualitymeasures.ahrq.gov/expert/expert-commentary/50333/feasibility-of-preventable-readmission-rate-as-a-quality-measure'}, {'datetime': '2017-06-13T16:02:39Z', 'uri': 'http://web.archive.org/web/20170613160239/https://qualitymeasures.ahrq.gov/expert/expert-commentary/50333/feasibility-of-preventable-readmission-rate-as-a-quality-measure'}, {'datetime': '2017-06-30T02:26:04Z', 'uri': 'http://web.archive.org/web/20170630022604/https://qualitymeasures.ahrq.gov/expert/expert-commentary/50333/feasibility-of-preventable-readmission-rate-as-a-quality-measure'}, {'datetime': '2017-07-12T03:19:41Z', 'uri': 'http://web.archive.org/web/20170712031941/https://www.qualitymeasures.ahrq.gov/expert/expert-commentary/50333/feasibility-of-preventable-readmission-rate-as-a-quality-measure'}, {'datetime': '2018-06-09T10:49:52Z', 'uri': 'http://web.archive.org/web/20180609104952/https://www.qualitymeasures.ahrq.gov/expert/expert-commentary/50333/feasibility-of-preventable-readmission-rate-as-a-quality-measure'}, {'datetime': '2018-06-20T17:40:06Z', 'uri': 'http://web.archive.org/web/20180620174006/https://www.qualitymeasures.ahrq.gov/expert/expert-commentary/50333/feasibility-of-preventable-readmission-rate-as-a-quality-measure'}]
